Electricity:Facility,InteriorLights:Electricity,InteriorEquipment:Electricity,Electricity:HVAC,Heating:Gas,Site Outdoor Air Drybulb Temperature,Site Outdoor Air Relative Humidity,Site Direct Solar Radiation Rate per Area,days,tc1,tc2,tc3,tc4,tc5,tc6
375098.4412,110196.3973,179326.4434,17346.27616,337825.7661,-2.113575269,70.30320341,156.7973417,31,9.455503542,10.04524485,0.492359885,0.00031861,6.471773849,0.738086617
348718.419,104196.037,165646.6369,13093.87506,172561.3648,1.942956349,62.61458333,188.2471892,28,9.455503542,10.04524485,0.492359885,0.00031861,6.471773849,0.738086617
398916.3726,123467.2671,190214.4527,14656.27216,110015.1066,5.43313172,62.39908154,197.9807721,31,9.455503542,10.04524485,0.492359885,0.00031861,6.471773849,0.738086617
410573.3742,111028.5641,176697.501,13320.16427,43622.40643,12.56460648,68.95763889,135.3763503,30,9.455503542,10.04524485,0.492359885,0.00031861,6.471773849,0.738086617
492583.7764,119043.6438,186585.1163,15641.28763,12507.36792,17.91901882,74.3156362,192.3388217,31,9.455503542,10.04524485,0.492359885,0.00031861,6.471773849,0.738086617
521249.1314,118518.0648,183234.9596,17575.28068,728.0048034,22.21377315,69.30104167,225.3063657,30,9.455503542,10.04524485,0.492359885,0.00031861,6.471773849,0.738086617
564421.9856,111554.1431,180047.6577,20348.56145,8.931825253,26.66420251,66.30790771,284.5905765,31,9.455503542,10.04524485,0.492359885,0.00031861,6.471773849,0.738086617
560071.492,123467.2671,190214.4527,18668.27871,1029.592944,23.04596774,77.16319444,219.8065636,31,9.455503542,10.04524485,0.492359885,0.00031861,6.471773849,0.738086617
509359.9751,111028.5641,176697.501,15648.67401,6116.685273,20.35770833,84.16527778,153.3049769,30,9.455503542,10.04524485,0.492359885,0.00031861,6.471773849,0.738086617
437402.5895,114620.0206,182955.7798,14472.85279,39559.11624,12.89782706,75.73711918,157.4538157,31,9.455503542,10.04524485,0.492359885,0.00031861,6.471773849,0.738086617
394991.0491,109670.8183,175976.2867,13346.865,66752.95842,9.760949074,74.10636574,128.5277006,30,9.455503542,10.04524485,0.492359885,0.00031861,6.471773849,0.738086617
385046.8664,111554.1431,180047.6577,13820.793,120528.3318,5.489852151,75.55857975,140.3433766,31,9.455503542,10.04524485,0.492359885,0.00031861,6.471773849,0.738086617
403798.1385,110507.5539,213074.7746,12061.78507,249819.54,-2.113575269,70.30320341,156.7973417,31,9.482202623,11.93570921,0.703248811,0.00028734,5.966185387,0.875260983
376530.4319,104490.2507,196820.4976,9414.871341,124990.4156,1.942956349,62.61458333,188.2471892,28,9.482202623,11.93570921,0.703248811,0.00028734,5.966185387,0.875260983
431267.9281,123815.8961,226011.8522,10789.26773,79634.49617,5.43313172,62.39908154,197.9807721,31,9.482202623,11.93570921,0.703248811,0.00028734,5.966185387,0.875260983
443905.6207,111342.0704,209951.0785,9899.485408,31087.57443,12.56460648,68.95763889,135.3763503,30,9.482202623,11.93570921,0.703248811,0.00028734,5.966185387,0.875260983
532550.8825,119379.782,221699.493,11818.6479,8613.820994,17.91901882,74.3156362,192.3388217,31,9.482202623,11.93570921,0.703248811,0.00028734,5.966185387,0.875260983
564160.4976,118852.719,217718.8538,13331.59137,457.1814516,22.21377315,69.30104167,225.3063657,30,9.482202623,11.93570921,0.703248811,0.00028734,5.966185387,0.875260983
611420.9074,111869.1335,213931.7178,15280.87206,4.863422328,26.66420251,66.30790771,284.5905765,31,9.482202623,11.93570921,0.703248811,0.00028734,5.966185387,0.875260983
607552.0586,123815.8961,226011.8522,14172.45445,683.4123957,23.04596774,77.16319444,219.8065636,31,9.482202623,11.93570921,0.703248811,0.00028734,5.966185387,0.875260983
551535.8353,111342.0704,209951.0785,11853.85267,4173.190685,20.35770833,84.16527778,153.3049769,30,9.482202623,11.93570921,0.703248811,0.00028734,5.966185387,0.875260983
471735.2289,114943.668,217387.1338,10845.17805,28643.10629,12.89782706,75.73711918,157.4538157,31,9.482202623,11.93570921,0.703248811,0.00028734,5.966185387,0.875260983
426034.749,109980.4909,209094.1353,9828.471377,48313.70087,9.760949074,74.10636574,128.5277006,30,9.482202623,11.93570921,0.703248811,0.00028734,5.966185387,0.875260983
415829.6532,111869.1335,213931.7178,10172.71948,88784.26665,5.489852151,75.55857975,140.3433766,31,9.482202623,11.93570921,0.703248811,0.00028734,5.966185387,0.875260983
429879.7145,122405.2478,222809.3561,16563.68887,302026.1875,-2.113575269,70.30320341,156.7973417,31,10.50309522,12.48100668,0.518423391,0.000273168,5.39018484,0.65159973
401198.4733,115740.0972,205812.4825,13203.89769,150570.2003,1.942956349,62.61458333,188.2471892,28,10.50309522,12.48100668,0.518423391,0.000273168,5.39018484,0.65159973
460205.4977,137146.4203,236337.48,15198.15767,96395.34626,5.43313172,62.39908154,197.9807721,31,10.50309522,12.48100668,0.518423391,0.000273168,5.39018484,0.65159973
475817.0334,123329.6117,219542.9501,14055.18636,38449.52653,12.56460648,68.95763889,135.3763503,30,10.50309522,12.48100668,0.518423391,0.000273168,5.39018484,0.65159973
574444.7152,132232.6961,231828.1053,16841.43247,10615.64436,17.91901882,74.3156362,192.3388217,31,10.50309522,12.48100668,0.518423391,0.000273168,5.39018484,0.65159973
611191.6431,131648.8873,227665.6057,18992.83337,543.7503377,22.21377315,69.30104167,225.3063657,30,10.50309522,12.48100668,0.518423391,0.000273168,5.39018484,0.65159973
665864.6675,123913.4205,223705.4498,21598.39971,6.283099271,26.66420251,66.30790771,284.5905765,31,10.50309522,12.48100668,0.518423391,0.000273168,5.39018484,0.65159973
660190.7439,137146.4203,236337.48,20161.82557,842.7313557,23.04596774,77.16319444,219.8065636,31,10.50309522,12.48100668,0.518423391,0.000273168,5.39018484,0.65159973
597707.5672,123329.6117,219542.9501,16896.97839,5103.832462,20.35770833,84.16527778,153.3049769,30,10.50309522,12.48100668,0.518423391,0.000273168,5.39018484,0.65159973
506080.7254,127318.972,227318.7307,15431.09224,35577.03136,12.89782706,75.73711918,157.4538157,31,10.50309522,12.48100668,0.518423391,0.000273168,5.39018484,0.65159973
455234.3775,121821.439,218646.8565,13896.1689,60000.96315,9.760949074,74.10636574,128.5277006,30,10.50309522,12.48100668,0.518423391,0.000273168,5.39018484,0.65159973
443178.7118,123913.4205,223705.4498,14313.70502,108848.7513,5.489852151,75.55857975,140.3433766,31,10.50309522,12.48100668,0.518423391,0.000273168,5.39018484,0.65159973
403006.0208,102188.2233,219537.2421,13137.24816,324681.8999,-2.113575269,70.30320341,156.7973417,31,8.768354781,12.29771421,0.630560139,0.000265945,5.696292682,0.658855141
375780.6891,96623.92019,202789.9797,10384.64849,163605.8998,1.942956349,62.61458333,188.2471892,28,8.768354781,12.29771421,0.630560139,0.000265945,5.696292682,0.658855141
430267.3097,114494.6747,232866.6958,11924.43732,104033.0149,5.43313172,62.39908154,197.9807721,31,8.768354781,12.29771421,0.630560139,0.000265945,5.696292682,0.658855141
444379.9422,102959.915,216318.8056,10958.68056,40280.54802,12.56460648,68.95763889,135.3763503,30,8.768354781,12.29771421,0.630560139,0.000265945,5.696292682,0.658855141
535313.915,110392.5242,228423.5446,13122.53502,11099.97363,17.91901882,74.3156362,192.3388217,31,8.768354781,12.29771421,0.630560139,0.000265945,5.696292682,0.658855141
567787.0368,109905.14,224322.1742,14824.52091,560.0001967,22.21377315,69.30104167,225.3063657,30,8.768354781,12.29771421,0.630560139,0.000265945,5.696292682,0.658855141
618431.717,103447.2992,220420.176,17001.54049,4.918790386,26.66420251,66.30790771,284.5905765,31,8.768354781,12.29771421,0.630560139,0.000265945,5.696292682,0.658855141
611922.7041,114494.6747,232866.6958,15758.47699,850.2269174,23.04596774,77.16319444,219.8065636,31,8.768354781,12.29771421,0.630560139,0.000265945,5.696292682,0.658855141
555372.5729,102959.915,216318.8056,13165.2781,5332.270299,20.35770833,84.16527778,153.3049769,30,8.768354781,12.29771421,0.630560139,0.000265945,5.696292682,0.658855141
472783.3915,106290.3737,223980.3934,12035.66544,37268.87863,12.89782706,75.73711918,157.4538157,31,8.768354781,12.29771421,0.630560139,0.000265945,5.696292682,0.658855141
426027.7034,101700.8391,215435.8717,10890.70442,62926.13583,9.760949074,74.10636574,128.5277006,30,8.768354781,12.29771421,0.630560139,0.000265945,5.696292682,0.658855141
415322.2233,103447.2992,220420.176,11242.02577,116021.7942,5.489852151,75.55857975,140.3433766,31,8.768354781,12.29771421,0.630560139,0.000265945,5.696292682,0.658855141
409462.3344,139957.7098,189202.9927,12161.84087,233979.9398,-2.113575269,70.30320341,156.7973417,31,12.00920042,10.59849486,0.714062242,0.000254284,6.59802007,0.90253269
382371.2176,132336.8012,174769.7598,9528.866592,116510.3489,1.942956349,62.61458333,188.2471892,28,12.00920042,10.59849486,0.714062242,0.000254284,6.59802007,0.90253269
438912.2623,156812.7123,200690.6679,10929.53539,74901.60779,5.43313172,62.39908154,197.9807721,31,12.00920042,10.59849486,0.714062242,0.000254284,6.59802007,0.90253269
448184.271,141014.6242,186429.2592,10020.35722,30233.52433,12.56460648,68.95763889,135.3763503,30,12.00920042,10.59849486,0.714062242,0.000254284,6.59802007,0.90253269
534026.8907,151194.3781,196861.4429,11876.03701,8569.78556,17.91901882,74.3156362,192.3388217,31,12.00920042,10.59849486,0.714062242,0.000254284,6.59802007,0.90253269
563395.9699,150526.8533,193326.7736,13316.05695,500.3025102,22.21377315,69.30104167,225.3063657,30,12.00920042,10.59849486,0.714062242,0.000254284,6.59802007,0.90253269
604552.1162,141682.149,189963.9285,15157.64248,7.362578145,26.66420251,66.30790771,284.5905765,31,12.00920042,10.59849486,0.714062242,0.000254284,6.59802007,0.90253269
605417.1562,156812.7123,200690.6679,14134.27419,726.1028181,23.04596774,77.16319444,219.8065636,31,12.00920042,10.59849486,0.714062242,0.000254284,6.59802007,0.90253269
549808.4199,141014.6242,186429.2592,11880.66434,4254.197929,20.35770833,84.16527778,153.3049769,30,12.00920042,10.59849486,0.714062242,0.000254284,6.59802007,0.90253269
475891.4672,145576.044,193032.2178,10936.45278,27764.67173,12.89782706,75.73711918,157.4538157,31,12.00920042,10.59849486,0.714062242,0.000254284,6.59802007,0.90253269
431311.1655,139290.185,185668.3234,9956.021116,46721.50576,9.760949074,74.10636574,128.5277006,30,12.00920042,10.59849486,0.714062242,0.000254284,6.59802007,0.90253269
421444.5608,141682.149,189963.9285,10306.54076,84194.84822,5.489852151,75.55857975,140.3433766,31,12.00920042,10.59849486,0.714062242,0.000254284,6.59802007,0.90253269
401725.4574,146846.939,173068.5811,13621.72779,253260.6888,-2.113575269,70.30320341,156.7973417,31,12.60033709,9.694701127,0.665204178,0.00032293,4.700778889,0.917656945
375558.365,138850.9014,159866.1517,10274.07309,125600.3349,1.942956349,62.61458333,188.2471892,28,12.60033709,9.694701127,0.665204178,0.00032293,4.700778889,0.917656945
431144.2712,164531.6062,183576.6371,11626.89952,80560.46005,5.43313172,62.39908154,197.9807721,31,12.60033709,9.694701127,0.665204178,0.00032293,4.700778889,0.917656945
450570.4323,147955.8785,170531.3795,10612.3625,32974.77565,12.56460648,68.95763889,135.3763503,30,12.60033709,9.694701127,0.665204178,0.00032293,4.700778889,0.917656945
550760.6766,158636.7171,180073.9518,12483.4924,9530.784917,17.91901882,74.3156362,192.3388217,31,12.60033709,9.694701127,0.665204178,0.00032293,4.700778889,0.917656945
591285.7909,157936.3343,176840.7038,13957.79665,593.0403898,22.21377315,69.30104167,225.3063657,30,12.60033709,9.694701127,0.665204178,0.00032293,4.700778889,0.917656945
648342.3525,148656.2614,173764.6275,15967.53616,8.090267476,26.66420251,66.30790771,284.5905765,31,12.60033709,9.694701127,0.665204178,0.00032293,4.700778889,0.917656945
640048.865,164531.6062,183576.6371,14823.87718,822.148998,23.04596774,77.16319444,219.8065636,31,12.60033709,9.694701127,0.665204178,0.00032293,4.700778889,0.917656945
578504.4687,147955.8785,170531.3795,12475.51382,4732.427352,20.35770833,84.16527778,153.3049769,30,12.60033709,9.694701127,0.665204178,0.00032293,4.700778889,0.917656945
478549.3595,152741.8281,176571.2664,11529.57016,30058.07096,12.89782706,75.73711918,157.4538157,31,12.60033709,9.694701127,0.665204178,0.00032293,4.700778889,0.917656945
428042.0877,146146.5562,169835.3331,10590.03202,50567.70507,9.760949074,74.10636574,128.5277006,30,12.60033709,9.694701127,0.665204178,0.00032293,4.700778889,0.917656945
414913.3112,148656.2614,173764.6275,10965.50715,89938.87101,5.489852151,75.55857975,140.3433766,31,12.60033709,9.694701127,0.665204178,0.00032293,4.700778889,0.917656945
412583.5459,130075.8758,201361.4064,13017.40597,323980.2693,-2.113575269,70.30320341,156.7973417,31,11.16128053,11.27956698,0.657862794,0.000249671,4.804549433,0.638391737
385783.7543,122993.0479,186000.6764,10273.22206,161466.6514,1.942956349,62.61458333,188.2471892,28,11.16128053,11.27956698,0.657862794,0.000249671,4.804549433,0.638391737
442649.2251,145740.8163,213587.2935,11817.53503,103612.1586,5.43313172,62.39908154,197.9807721,31,11.16128053,11.27956698,0.657862794,0.000249671,4.804549433,0.638391737
461428.9265,131058.1658,198409.4293,10857.6159,41378.21253,12.56460648,68.95763889,135.3763503,30,11.16128053,11.27956698,0.657862794,0.000249671,4.804549433,0.638391737
561779.0217,140519.1695,209511.9978,12925.31895,11576.49186,17.91901882,74.3156362,192.3388217,31,11.16128053,11.27956698,0.657862794,0.000249671,4.804549433,0.638391737
601879.3598,139898.7758,205750.1864,14532.49615,619.6976979,22.21377315,69.30104167,225.3063657,30,11.16128053,11.27956698,0.657862794,0.000249671,4.804549433,0.638391737
658826.2616,131678.5595,202171.2408,16554.11697,8.044383632,26.66420251,66.30790771,284.5905765,31,11.16128053,11.27956698,0.657862794,0.000249671,4.804549433,0.638391737
651670.4455,145740.8163,213587.2935,15428.60583,944.1000674,23.04596774,77.16319444,219.8065636,31,11.16128053,11.27956698,0.657862794,0.000249671,4.804549433,0.638391737
589439.2053,131058.1658,198409.4293,12943.96794,5692.131308,20.35770833,84.16527778,153.3049769,30,11.16128053,11.27956698,0.657862794,0.000249671,4.804549433,0.638391737
490371.9468,135297.5226,205436.7021,11888.18301,38186.72603,12.89782706,75.73711918,157.4538157,31,11.16128053,11.27956698,0.657862794,0.000249671,4.804549433,0.638391737
439220.3033,129455.4821,197599.5949,10788.74166,64330.79522,9.760949074,74.10636574,128.5277006,30,11.16128053,11.27956698,0.657862794,0.000249671,4.804549433,0.638391737
426351.1508,131678.5595,202171.2408,11135.04437,116488.5645,5.489852151,75.55857975,140.3433766,31,11.16128053,11.27956698,0.657862794,0.000249671,4.804549433,0.638391737
366204.2076,119498.4087,163516.2148,14943.43444,307000.4073,-2.113575269,70.30320341,156.7973417,31,10.25367121,9.159610728,0.57192727,0.00030845,4.403809949,0.829889108
341951.0041,112991.5399,151042.4818,11390.30826,159399.6798,1.942956349,62.61458333,188.2471892,28,10.25367121,9.159610728,0.57192727,0.00030845,4.403809949,0.829889108
391313.2443,133889.5128,173444.288,12585.348,100968.5983,5.43313172,62.39908154,197.9807721,31,10.25367121,9.159610728,0.57192727,0.00030845,4.403809949,0.829889108
414030.1922,120400.8212,161119.0518,11423.11113,40399.67482,12.56460648,68.95763889,135.3763503,30,10.25367121,9.159610728,0.57192727,0.00030845,4.403809949,0.829889108
511628.707,129092.4781,170134.9303,13328.7671,11757.84996,17.91901882,74.3156362,192.3388217,31,10.25367121,9.159610728,0.57192727,0.00030845,4.403809949,0.829889108
552547.3461,128522.5334,167080.1385,14905.62008,724.053777,22.21377315,69.30104167,225.3063657,30,10.25367121,9.159610728,0.57192727,0.00030845,4.403809949,0.829889108
612319.5275,120970.7659,164173.8436,17242.73377,8.867464704,26.66420251,66.30790771,284.5905765,31,10.25367121,9.159610728,0.57192727,0.00030845,4.403809949,0.829889108
599175.2064,133889.5128,173444.288,15821.23924,1007.624869,23.04596774,77.16319444,219.8065636,31,10.25367121,9.159610728,0.57192727,0.00030845,4.403809949,0.829889108
541596.8416,120400.8212,161119.0518,13295.57552,5771.835702,20.35770833,84.16527778,153.3049769,30,10.25367121,9.159610728,0.57192727,0.00030845,4.403809949,0.829889108
441019.2413,124295.4434,166825.5726,12388.35231,36601.7776,12.89782706,75.73711918,157.4538157,31,10.25367121,9.159610728,0.57192727,0.00030845,4.403809949,0.829889108
391867.3937,118928.464,160461.423,11458.113,61424.97346,9.760949074,74.10636574,128.5277006,30,10.25367121,9.159610728,0.57192727,0.00030845,4.403809949,0.829889108
378516.9998,120970.7659,164173.8436,11881.3738,110519.3584,5.489852151,75.55857975,140.3433766,31,10.25367121,9.159610728,0.57192727,0.00030845,4.403809949,0.829889108
405553.2741,148073.0544,175833.0034,13461.78952,254074.6017,-2.113575269,70.30320341,156.7973417,31,12.70554505,9.849554468,0.678653822,0.000334199,4.69233901,0.911823816
379160.7127,140010.2529,162419.6917,10139.03111,125628.2607,1.942956349,62.61458333,188.2471892,28,12.70554505,9.849554468,0.678653822,0.000334199,4.69233901,0.911823816
435280.3702,165905.3817,186508.9045,11470.39803,80554.74056,5.43313172,62.39908154,197.9807721,31,12.70554505,9.849554468,0.678653822,0.000334199,4.69233901,0.911823816
454817.2467,149191.2531,173255.2751,10476.44735,32973.34481,12.56460648,68.95763889,135.3763503,30,12.70554505,9.849554468,0.678653822,0.000334199,4.69233901,0.911823816
555801.1053,159961.2726,182950.2708,12336.56781,9526.174282,17.91901882,74.3156362,192.3388217,31,12.70554505,9.849554468,0.678653822,0.000334199,4.69233901,0.911823816
596351.0159,159255.0418,179665.3781,13797.93947,588.8615805,22.21377315,69.30104167,225.3063657,30,12.70554505,9.849554468,0.678653822,0.000334199,4.69233901,0.911823816
653427.6402,149897.4839,176540.1678,15775.92906,7.974601657,26.66420251,66.30790771,284.5905765,31,12.70554505,9.849554468,0.678653822,0.000334199,4.69233901,0.911823816
645635.1014,165905.3817,186508.9045,14653.87732,818.6420728,23.04596774,77.16319444,219.8065636,31,12.70554505,9.849554468,0.678653822,0.000334199,4.69233901,0.911823816
583434.9679,149191.2531,173255.2751,12331.75496,4716.881583,20.35770833,84.16527778,153.3049769,30,12.70554505,9.849554468,0.678653822,0.000334199,4.69233901,0.911823816
482883.9682,154017.1635,179391.6371,11385.52228,30089.97774,12.89782706,75.73711918,157.4538157,31,12.70554505,9.849554468,0.678653822,0.000334199,4.69233901,0.911823816
431954.6823,147366.8236,172548.1107,10445.7839,50605.25566,9.760949074,74.10636574,128.5277006,30,12.70554505,9.849554468,0.678653822,0.000334199,4.69233901,0.911823816
418793.069,149897.4839,176540.1678,10817.03505,89999.57613,5.489852151,75.55857975,140.3433766,31,12.70554505,9.849554468,0.678653822,0.000334199,4.69233901,0.911823816
411190.7111,120400.5505,207137.0835,15476.65894,246815.5882,-2.113575269,70.30320341,156.7973417,31,10.33108032,11.60310037,0.580753872,0.000358007,5.092168081,0.931309054
383236.1662,113844.5587,191335.7595,11677.23442,121816.8637,1.942956349,62.61458333,188.2471892,28,10.33108032,11.60310037,0.580753872,0.000358007,5.092168081,0.931309054
439065.0779,134900.2988,219713.6474,13209.71302,77453.93035,5.43313172,62.39908154,197.9807721,31,10.33108032,11.60310037,0.580753872,0.000358007,5.092168081,0.931309054
456723.4478,121309.7756,204100.4345,12107.27667,30799.02447,12.56460648,68.95763889,135.3763503,30,10.33108032,11.60310037,0.580753872,0.000358007,5.092168081,0.931309054
554187.414,130067.0494,215521.4594,14404.35561,8649.751232,17.91901882,74.3156362,192.3388217,31,10.33108032,11.60310037,0.580753872,0.000358007,5.092168081,0.931309054
592159.2516,129492.8019,211651.7475,16242.51058,473.6086884,22.21377315,69.30104167,225.3063657,30,10.33108032,11.60310037,0.580753872,0.000358007,5.092168081,0.931309054
647718.7606,121884.0231,207970.1465,18632.52999,6.329053448,26.66420251,66.30790771,284.5905765,31,10.33108032,11.60310037,0.580753872,0.000358007,5.092168081,0.931309054
640190.3548,134900.2988,219713.6474,17272.44479,692.7337107,23.04596774,77.16319444,219.8065636,31,10.33108032,11.60310037,0.580753872,0.000358007,5.092168081,0.931309054
579596.0808,121309.7756,204100.4345,14453.70621,4188.554275,20.35770833,84.16527778,153.3049769,30,10.33108032,11.60310037,0.580753872,0.000358007,5.092168081,0.931309054
485465.0822,125233.7999,211329.2715,13223.24169,28246.90252,12.89782706,75.73711918,157.4538157,31,10.33108032,11.60310037,0.580753872,0.000358007,5.092168081,0.931309054
435536.1118,119826.303,203267.3715,12029.03301,47617.85571,9.760949074,74.10636574,128.5277006,30,10.33108032,11.60310037,0.580753872,0.000358007,5.092168081,0.931309054
423505.4636,121884.0231,207970.1465,12453.505,86209.30914,5.489852151,75.55857975,140.3433766,31,10.33108032,11.60310037,0.580753872,0.000358007,5.092168081,0.931309054
417915.8578,137661.8685,195102.2636,16980.70411,269970.1303,-2.113575269,70.30320341,156.7973417,31,11.81220364,10.92895153,0.541152987,0.000362236,6.338999708,0.841542069
389195.9382,130165.9719,180219.0084,12760.42858,132492.8971,1.942956349,62.61458333,188.2471892,28,11.81220364,10.92895153,0.541152987,0.000362236,6.338999708,0.841542069
446568.3492,154240.3845,206948.1198,14449.84939,84819.35491,5.43313172,62.39908154,197.9807721,31,11.81220364,10.92895153,0.541152987,0.000362236,6.338999708,0.841542069
457282.4728,138701.4454,192242.0462,13236.59807,34402.61511,12.56460648,68.95763889,135.3763503,30,11.81220364,10.92895153,0.541152987,0.000362236,6.338999708,0.841542069
546569.7442,148714.2125,202999.501,15694.19392,9813.978784,17.91901882,74.3156362,192.3388217,31,11.81220364,10.92895153,0.541152987,0.000362236,6.338999708,0.841542069
577572.0499,148057.6376,199354.6222,17633.94133,564.8298104,22.21377315,69.30104167,225.3063657,30,11.81220364,10.92895153,0.541152987,0.000362236,6.338999708,0.841542069
622101.5317,139358.0203,195886.925,20169.03899,8.32712963,26.66420251,66.30790771,284.5905765,31,11.81220364,10.92895153,0.541152987,0.000362236,6.338999708,0.841542069
621545.1039,154240.3845,206948.1198,18748.98064,817.8008212,23.04596774,77.16319444,219.8065636,31,11.81220364,10.92895153,0.541152987,0.000362236,6.338999708,0.841542069
563867.1819,138701.4454,192242.0462,15728.45403,4804.4603,20.35770833,84.16527778,153.3049769,30,11.81220364,10.92895153,0.541152987,0.000362236,6.338999708,0.841542069
485894.108,143188.0405,199050.8823,14428.16135,31507.68473,12.89782706,75.73711918,157.4538157,31,11.81220364,10.92895153,0.541152987,0.000362236,6.338999708,0.841542069
439580.4622,137005.2936,191457.3848,13158.03271,53047.24508,9.760949074,74.10636574,128.5277006,30,11.81220364,10.92895153,0.541152987,0.000362236,6.338999708,0.841542069
429137.7188,139358.0203,195886.925,13617.48339,94765.54722,5.489852151,75.55857975,140.3433766,31,11.81220364,10.92895153,0.541152987,0.000362236,6.338999708,0.841542069
374658.2432,101912.4227,186925.3967,17581.3502,343018.2883,-2.113575269,70.30320341,156.7973417,31,8.744689457,10.47091184,0.485545433,0.000349167,6.254306229,0.741158742
348286.1598,96363.13735,172665.9087,13416.90547,178068.6436,1.942956349,62.61458333,188.2471892,28,8.744689457,10.47091184,0.485545433,0.000349167,6.254306229,0.741158742
397956.0251,114185.6596,198274.7851,14737.48661,111560.17,5.43313172,62.39908154,197.9807721,31,8.744689457,10.47091184,0.485545433,0.000349167,6.254306229,0.741158742
410506.8511,102682.0316,184185.0529,13406.63247,43868.96468,12.56460648,68.95763889,135.3763503,30,8.744689457,10.47091184,0.485545433,0.000349167,6.254306229,0.741158742
493459.3928,110094.5806,194491.6556,15764.43278,12479.99465,17.91901882,74.3156362,192.3388217,31,8.744689457,10.47091184,0.485545433,0.000349167,6.254306229,0.741158742
522856.4698,109608.5118,190999.5361,17767.78923,710.3121019,22.21377315,69.30104167,225.3063657,30,8.744689457,10.47091184,0.485545433,0.000349167,6.254306229,0.741158742
568131.56,103168.1004,187677.1724,20629.76316,8.305672398,26.66420251,66.30790771,284.5905765,31,8.744689457,10.47091184,0.485545433,0.000349167,6.254306229,0.741158742
562550.0056,114185.6596,198274.7851,18890.86949,1009.178781,23.04596774,77.16319444,219.8065636,31,8.744689457,10.47091184,0.485545433,0.000349167,6.254306229,0.741158742
510991.8946,102682.0316,184185.0529,15795.82468,6050.190638,20.35770833,84.16527778,153.3049769,30,8.744689457,10.47091184,0.485545433,0.000349167,6.254306229,0.741158742
437464.0857,106003.5017,190708.5262,14565.95182,39782.17376,12.89782706,75.73711918,157.4538157,31,8.744689457,10.47091184,0.485545433,0.000349167,6.254306229,0.741158742
394507.8698,101426.3539,183433.2772,13418.54651,67118.40211,9.760949074,74.10636574,128.5277006,30,8.744689457,10.47091184,0.485545433,0.000349167,6.254306229,0.741158742
384538.6798,103168.1004,187677.1724,13922.27491,121992.2478,5.489852151,75.55857975,140.3433766,31,8.744689457,10.47091184,0.485545433,0.000349167,6.254306229,0.741158742
365694.1538,114500.8426,171247.3914,11704.70828,400805.5245,-2.113575269,70.30320341,156.7973417,31,9.824850443,9.592684405,0.72491063,0.000297662,5.874959653,0.630027989
340905.8184,108266.0988,158183.8904,8822.956127,204821.7116,1.942956349,62.61458333,188.2471892,28,9.824850443,9.592684405,0.72491063,0.000297662,5.874959653,0.630027989
390270.2517,128290.0935,181644.8719,9936.428863,131369.2334,5.43313172,62.39908154,197.9807721,31,9.824850443,9.592684405,0.72491063,0.000297662,5.874959653,0.630027989
403709.3274,115365.5151,168736.8887,9022.101695,51766.66185,12.56460648,68.95763889,135.3763503,30,9.824850443,9.592684405,0.72491063,0.000297662,5.874959653,0.630027989
486996.3343,123693.6766,178179.0451,10563.30552,14890.10492,17.91901882,74.3156362,192.3388217,31,9.824850443,9.592684405,0.72491063,0.000297662,5.874959653,0.630027989
517294.9337,123147.5676,174979.8203,11840.31959,885.8823217,22.21377315,69.30104167,225.3063657,30,9.824850443,9.592684405,0.72491063,0.000297662,5.874959653,0.630027989
562947.6321,115911.6241,171936.1134,13693.4616,11.07868536,26.66420251,66.30790771,284.5905765,31,9.824850443,9.592684405,0.72491063,0.000297662,5.874959653,0.630027989
557021.7773,128290.0935,181644.8719,12568.0848,1252.082819,23.04596774,77.16319444,219.8065636,31,9.824850443,9.592684405,0.72491063,0.000297662,5.874959653,0.630027989
505914.5186,115365.5151,168736.8887,10550.04126,7313.338529,20.35770833,84.16527778,153.3049769,30,9.824850443,9.592684405,0.72491063,0.000297662,5.874959653,0.630027989
429558.1783,119097.2596,174713.2182,9797.305776,46995.27693,12.89782706,75.73711918,157.4538157,31,9.824850443,9.592684405,0.72491063,0.000297662,5.874959653,0.630027989
386898.9416,113954.7337,168048.1667,9048.326572,79062.3742,9.760949074,74.10636574,128.5277006,30,9.824850443,9.592684405,0.72491063,0.000297662,5.874959653,0.630027989
376624.1266,115911.6241,171936.1134,9377.378751,143550.3116,5.489852151,75.55857975,140.3433766,31,9.824850443,9.592684405,0.72491063,0.000297662,5.874959653,0.630027989
423687.3333,131082.0234,211725.4871,12767.31455,284803.0234,-2.113575269,70.30320341,156.7973417,31,11.24761396,11.86012681,0.677599597,0.000263765,4.846990893,0.704598749
396168.3846,123944.4093,195574.1396,10130.07268,141485.6847,1.942956349,62.61458333,188.2471892,28,11.24761396,11.86012681,0.677599597,0.000263765,4.846990893,0.704598749
454653.1321,146868.1336,224580.6412,11666.28329,90688.51597,5.43313172,62.39908154,197.9807721,31,11.24761396,11.86012681,0.677599597,0.000263765,4.846990893,0.704598749
473028.9812,132071.9115,208621.5717,10760.34149,36257.50122,12.56460648,68.95763889,135.3763503,30,11.24761396,11.86012681,0.677599597,0.000263765,4.846990893,0.704598749
575123.0214,141606.0969,220295.5899,12846.48402,10072.63861,17.91901882,74.3156362,192.3388217,31,11.24761396,11.86012681,0.677599597,0.000263765,4.846990893,0.704598749
615019.0509,140980.9044,216340.1578,14457.45014,529.462278,22.21377315,69.30104167,225.3063657,30,11.24761396,11.86012681,0.677599597,0.000263765,4.846990893,0.704598749
673214.0052,132697.104,212577.0037,16426.72346,6.649312825,26.66420251,66.30790771,284.5905765,31,11.24761396,11.86012681,0.677599597,0.000263765,4.846990893,0.704598749
665978.4377,146868.1336,224580.6412,15345.93862,813.2980244,23.04596774,77.16319444,219.8065636,31,11.24761396,11.86012681,0.677599597,0.000263765,4.846990893,0.704598749
602194.8418,132071.9115,208621.5717,12877.33695,4919.512872,20.35770833,84.16527778,153.3049769,30,11.24761396,11.86012681,0.677599597,0.000263765,4.846990893,0.704598749
502503.7532,136344.0602,216010.5385,11796.54513,33545.56499,12.89782706,75.73711918,157.4538157,31,11.24761396,11.86012681,0.677599597,0.000263765,4.846990893,0.704598749
450554.1935,130456.831,207770.0551,10655.41857,56457.65418,9.760949074,74.10636574,128.5277006,30,11.24761396,11.86012681,0.677599597,0.000263765,4.846990893,0.704598749
437720.6552,132697.104,212577.0037,10994.34248,102441.0234,5.489852151,75.55857975,140.3433766,31,11.24761396,11.86012681,0.677599597,0.000263765,4.846990893,0.704598749
393666.3636,141216.2519,166739.9235,17513.55458,343172.8303,-2.113575269,70.30320341,156.7973417,31,12.11719078,9.340191701,0.50663411,0.000304837,5.256828029,0.68521525
367176.7001,133526.8137,154020.2719,13206.92834,171466.089,1.942956349,62.61458333,188.2471892,28,12.11719078,9.340191701,0.50663411,0.000304837,5.256828029,0.68521525
421337.0258,158222.8195,176863.7279,14949.83502,110527.0187,5.43313172,62.39908154,197.9807721,31,12.11719078,9.340191701,0.50663411,0.000304837,5.256828029,0.68521525
437818.3929,142282.6703,164295.5007,13616.98967,45332.62088,12.56460648,68.95763889,135.3763503,30,12.11719078,9.340191701,0.50663411,0.000304837,5.256828029,0.68521525
532223.4665,152553.9637,173489.1265,15965.77448,13184.82014,17.91901882,74.3156362,192.3388217,31,12.11719078,9.340191701,0.50663411,0.000304837,5.256828029,0.68521525
568323.6614,151880.4362,170374.1097,17861.53568,827.4483231,22.21377315,69.30104167,225.3063657,30,12.11719078,9.340191701,0.50663411,0.000304837,5.256828029,0.68521525
619320.6642,142956.1977,167410.5174,20475.53914,11.4717114,26.66420251,66.30790771,284.5905765,31,12.11719078,9.340191701,0.50663411,0.000304837,5.256828029,0.68521525
613554.3418,158222.8195,176863.7279,18951.20172,1143.871876,23.04596774,77.16319444,219.8065636,31,12.11719078,9.340191701,0.50663411,0.000304837,5.256828029,0.68521525
555896.9823,142282.6703,164295.5007,15949.12879,6554.004469,20.35770833,84.16527778,153.3049769,30,12.11719078,9.340191701,0.50663411,0.000304837,5.256828029,0.68521525
465917.5957,146885.1078,170114.525,14784.58568,41178.41604,12.89782706,75.73711918,157.4538157,31,12.11719078,9.340191701,0.50663411,0.000304837,5.256828029,0.68521525
417926.1538,140542.7244,163624.9068,13617.2012,69324.95165,9.760949074,74.10636574,128.5277006,30,12.11719078,9.340191701,0.50663411,0.000304837,5.256828029,0.68521525
405623.5557,142956.1977,167410.5174,14104.6355,122984.3386,5.489852151,75.55857975,140.3433766,31,12.11719078,9.340191701,0.50663411,0.000304837,5.256828029,0.68521525
396485.7945,133897.5906,177131.5966,17272.69564,316783.6721,-2.113575269,70.30320341,156.7973417,31,11.4892063,9.922297153,0.508421381,0.000290631,5.829273407,0.725568168
369458.9235,126606.6646,163619.2226,13114.97066,157970.0466,1.942956349,62.61458333,188.2471892,28,11.4892063,9.922297153,0.508421381,0.000290631,5.829273407,0.725568168
423801.4029,150022.7774,187886.3433,14892.11919,101612.3597,5.43313172,62.39908154,197.9807721,31,11.4892063,9.922297153,0.508421381,0.000290631,5.829273407,0.725568168
437238.2889,134908.7409,174534.8309,13577.38042,41282.9443,12.56460648,68.95763889,135.3763503,30,11.4892063,9.922297153,0.508421381,0.000290631,5.829273407,0.725568168
527187.6962,144647.7151,184301.4277,16001.56335,11814.54776,17.91901882,74.3156362,192.3388217,31,11.4892063,9.922297153,0.508421381,0.000290631,5.829273407,0.725568168
559845.0654,144009.0939,180992.2749,17915.14328,697.721916,22.21377315,69.30104167,225.3063657,30,11.4892063,9.922297153,0.508421381,0.000290631,5.829273407,0.725568168
606404.4922,135547.3622,177843.9837,20552.90286,10.07164975,26.66420251,66.30790771,284.5905765,31,11.4892063,9.922297153,0.508421381,0.000290631,5.829273407,0.725568168
603134.3633,150022.7774,187886.3433,19030.36574,999.8555656,23.04596774,77.16319444,219.8065636,31,11.4892063,9.922297153,0.508421381,0.000290631,5.829273407,0.725568168
546985.4076,134908.7409,174534.8309,15992.98008,5870.643278,20.35770833,84.16527778,153.3049769,30,11.4892063,9.922297153,0.508421381,0.000290631,5.829273407,0.725568168
465329.2147,139272.6528,180716.5122,14773.95414,37557.79104,12.89782706,75.73711918,157.4538157,31,11.4892063,9.922297153,0.508421381,0.000290631,5.829273407,0.725568168
419024.6943,133258.9693,173822.4438,13552.69082,63265.22169,9.760949074,74.10636574,128.5277006,30,11.4892063,9.922297153,0.508421381,0.000290631,5.829273407,0.725568168
407966.981,135547.3622,177843.9837,14049.33411,113170.3451,5.489852151,75.55857975,140.3433766,31,11.4892063,9.922297153,0.508421381,0.000290631,5.829273407,0.725568168
408322.7607,127854.3182,198162.9792,14126.55766,294929.0941,-2.113575269,70.30320341,156.7973417,31,10.97065774,11.1004022,0.637763439,0.000344433,5.167383682,0.780345976
380939.7826,120892.4575,183046.2392,10657.10052,145646.9295,1.942956349,62.61458333,188.2471892,28,10.97065774,11.1004022,0.637763439,0.000344433,5.167383682,0.780345976
436651.5188,143251.7182,210194.6702,12065.90628,92828.98095,5.43313172,62.39908154,197.9807721,31,10.97065774,11.1004022,0.637763439,0.000344433,5.167383682,0.780345976
453655.7234,128819.8318,195257.8914,11047.50136,37133.39609,12.56460648,68.95763889,135.3763503,30,10.97065774,11.1004022,0.637763439,0.000344433,5.167383682,0.780345976
549654.193,138119.2516,206184.1065,13107.49648,10515.67537,17.91901882,74.3156362,192.3388217,31,10.97065774,11.1004022,0.637763439,0.000344433,5.167383682,0.780345976
586899.0331,137509.4535,202482.0478,14741.41968,591.9184657,22.21377315,69.30104167,225.3063657,30,10.97065774,11.1004022,0.637763439,0.000344433,5.167383682,0.780345976
640957.4691,129429.6298,198959.9502,16894.77663,8.563749831,26.66420251,66.30790771,284.5905765,31,10.97065774,11.1004022,0.637763439,0.000344433,5.167383682,0.780345976
634287.8664,143251.7182,210194.6702,15677.92363,859.5318994,23.04596774,77.16319444,219.8065636,31,10.97065774,11.1004022,0.637763439,0.000344433,5.167383682,0.780345976
573914.1182,128819.8318,195257.8914,13138.6579,5135.199076,20.35770833,84.16527778,153.3049769,30,10.97065774,11.1004022,0.637763439,0.000344433,5.167383682,0.780345976
481858.1226,132986.7849,202173.5429,12050.73602,34040.76264,12.89782706,75.73711918,157.4538157,31,10.97065774,11.1004022,0.637763439,0.000344433,5.167383682,0.780345976
432598.9451,127244.5202,194460.9204,10988.33666,57318.52891,9.760949074,74.10636574,128.5277006,30,10.97065774,11.1004022,0.637763439,0.000344433,5.167383682,0.780345976
420792.598,129429.6298,198959.9502,11378.68536,103411.1338,5.489852151,75.55857975,140.3433766,31,10.97065774,11.1004022,0.637763439,0.000344433,5.167383682,0.780345976
410514.7042,118626.3093,208113.7187,15623.00322,251418.8257,-2.113575269,70.30320341,156.7973417,31,10.17883992,11.65780808,0.555629574,0.000300899,4.485585073,0.867923293
383295.1219,112166.9276,192237.8928,12076.72024,124892.1417,1.942956349,62.61458333,188.2471892,28,10.17883992,11.65780808,0.555629574,0.000300899,4.485585073,0.867923293
439358.5724,132912.3871,220749.5802,13794.7539,79885.73993,5.43313172,62.39908154,197.9807721,31,10.17883992,11.65780808,0.555629574,0.000300899,4.485585073,0.867923293
461445.5328,119522.136,205062.7522,12660.35383,31719.46431,12.56460648,68.95763889,135.3763503,30,10.17883992,11.65780808,0.555629574,0.000300899,4.485585073,0.867923293
565894.031,128150.3612,216537.6264,15076.35131,8854.836771,17.91901882,74.3156362,192.3388217,31,10.17883992,11.65780808,0.555629574,0.000300899,4.485585073,0.867923293
608384.278,127584.5759,212649.669,16988.49811,479.7497825,22.21377315,69.30104167,225.3063657,30,10.17883992,11.65780808,0.555629574,0.000300899,4.485585073,0.867923293
671382.3592,120087.9213,208950.7096,19447.48396,6.003777707,26.66420251,66.30790771,284.5905765,31,10.17883992,11.65780808,0.555629574,0.000300899,4.485585073,0.867923293
660385.5105,132912.3871,220749.5802,18055.09851,713.1469062,23.04596774,77.16319444,219.8065636,31,10.17883992,11.65780808,0.555629574,0.000300899,4.485585073,0.867923293
596787.6285,119522.136,205062.7522,15113.47783,4294.695399,20.35770833,84.16527778,153.3049769,30,10.17883992,11.65780808,0.555629574,0.000300899,4.485585073,0.867923293
490601.9482,123388.3353,212325.6726,13833.65525,29060.72445,12.89782706,75.73711918,157.4538157,31,10.17883992,11.65780808,0.555629574,0.000300899,4.485585073,0.867923293
437850.3429,118060.5241,204225.7613,12565.64137,49146.30271,9.760949074,74.10636574,128.5277006,30,10.17883992,11.65780808,0.555629574,0.000300899,4.485585073,0.867923293
424183.7197,120087.9213,208950.7096,13007.45421,89263.78187,5.489852151,75.55857975,140.3433766,31,10.17883992,11.65780808,0.555629574,0.000300899,4.485585073,0.867923293
402155.288,126717.0555,192753.9761,14497.05485,307402.7288,-2.113575269,70.30320341,156.7973417,31,10.87307386,10.79740862,0.616029644,0.000336139,5.301690391,0.758472855
375006.1248,119817.1205,178049.8586,10926.8211,152417.6341,1.942956349,62.61458333,188.2471892,28,10.87307386,10.79740862,0.616029644,0.000336139,5.301690391,0.758472855
429962.6686,141977.4958,204457.2533,12374.1577,97340.56583,5.43313172,62.39908154,197.9807721,31,10.87307386,10.79740862,0.616029644,0.000336139,5.301690391,0.758472855
446118.0239,127673.9808,189928.1848,11308.45986,38954.37825,12.56460648,68.95763889,135.3763503,30,10.87307386,10.79740862,0.616029644,0.000336139,5.301690391,0.758472855
540331.6992,136890.6824,200556.1609,13387.28515,11066.31141,17.91901882,74.3156362,192.3388217,31,10.87307386,10.79740862,0.616029644,0.000336139,5.301690391,0.758472855
575958.4919,136286.3085,196955.1526,15041.68669,622.6297969,22.21377315,69.30104167,225.3063657,30,10.87307386,10.79740862,0.616029644,0.000336139,5.301690391,0.758472855
628871.2315,128278.3547,193529.1932,17261.09233,9.227975647,26.66420251,66.30790771,284.5905765,31,10.87307386,10.79740862,0.616029644,0.000336139,5.301690391,0.758472855
622171.9995,141977.4958,204457.2533,15992.96138,913.7443123,23.04596774,77.16319444,219.8065636,31,10.87307386,10.79740862,0.616029644,0.000336139,5.301690391,0.758472855
563417.2346,127673.9808,189928.1848,13410.64423,5422.42475,20.35770833,84.16527778,153.3049769,30,10.87307386,10.79740862,0.616029644,0.000336139,5.301690391,0.758472855
474079.3202,131803.869,196655.0685,12323.13633,35634.91103,12.89782706,75.73711918,157.4538157,31,10.87307386,10.79740862,0.616029644,0.000336139,5.301690391,0.758472855
425916.3276,126112.6817,189152.9677,11266.44545,60035.47901,9.760949074,74.10636574,128.5277006,30,10.87307386,10.79740862,0.616029644,0.000336139,5.301690391,0.758472855
414306.8832,128278.3547,193529.1932,11668.47336,108186.8603,5.489852151,75.55857975,140.3433766,31,10.87307386,10.79740862,0.616029644,0.000336139,5.301690391,0.758472855
453707.4355,145149.2796,227686.2988,12804.2044,229630.8494,-2.113575269,70.30320341,156.7973417,31,12.45466785,12.75419608,0.694446286,0.000284774,6.189702927,0.792519376
424090.7972,137245.6821,210317.3907,10393.12546,114251.0084,1.942956349,62.61458333,188.2471892,28,12.45466785,12.75419608,0.694446286,0.000284774,6.189702927,0.792519376
487331.6738,162629.4989,241510.5318,11999.05437,73617.92373,5.43313172,62.39908154,197.9807721,31,12.45466785,12.75419608,0.694446286,0.000284774,6.189702927,0.792519376
497642.8426,146245.3989,224348.3964,11158.2071,29989.55857,12.56460648,68.95763889,135.3763503,30,12.45466785,12.75419608,0.694446286,0.000284774,6.189702927,0.792519376
593055.3563,156802.7591,236902.4542,13364.05524,8264.995817,17.91901882,74.3156362,192.3388217,31,12.45466785,12.75419608,0.694446286,0.000284774,6.189702927,0.792519376
627174.9888,156110.4732,232648.844,14992.84584,433.6003096,22.21377315,69.30104167,225.3063657,30,12.45466785,12.75419608,0.694446286,0.000284774,6.189702927,0.792519376
673929.6555,146937.6849,228602.0066,16915.38469,8.002817026,26.66420251,66.30790771,284.5905765,31,12.45466785,12.75419608,0.694446286,0.000284774,6.189702927,0.792519376
674511.5345,162629.4989,241510.5318,15909.63513,672.3653555,23.04596774,77.16319444,219.8065636,31,12.45466785,12.75419608,0.694446286,0.000284774,6.189702927,0.792519376
610954.9429,146245.3989,224348.3964,13390.43169,3975.71489,20.35770833,84.16527778,153.3049769,30,12.45466785,12.75419608,0.694446286,0.000284774,6.189702927,0.792519376
527837.2245,150976.0193,232294.3765,12235.55872,27756.42223,12.89782706,75.73711918,157.4538157,31,12.45466785,12.75419608,0.694446286,0.000284774,6.189702927,0.792519376
478103.8768,144456.9937,223432.6887,10979.30218,46691.41274,9.760949074,74.10636574,128.5277006,30,12.45466785,12.75419608,0.694446286,0.000284774,6.189702927,0.792519376
467263.471,146937.6849,228602.0066,11281.80847,84069.89712,5.489852151,75.55857975,140.3433766,31,12.45466785,12.75419608,0.694446286,0.000284774,6.189702927,0.792519376
360604.6561,124531.1901,153971.0592,13861.87532,349233.8042,-2.113575269,70.30320341,156.7973417,31,10.68551366,8.624924246,0.606434251,0.00025941,6.147033127,0.717206267
336124.9361,117750.2787,142225.4724,10488.88486,179130.0063,1.942956349,62.61458333,188.2471892,28,10.68551366,8.624924246,0.606434251,0.00025941,6.147033127,0.717206267
385191.8974,139528.3882,163319.5874,11850.75014,115963.9002,5.43313172,62.39908154,197.9807721,31,10.68551366,8.624924246,0.606434251,0.00025941,6.147033127,0.717206267
397730.9075,125471.6084,151713.8291,10739.22244,46517.82767,12.56460648,68.95763889,135.3763503,30,10.68551366,8.624924246,0.606434251,0.00025941,6.147033127,0.717206267
479457.2639,134529.3222,160203.4114,12506.57777,13615.98193,17.91901882,74.3156362,192.3388217,31,10.68551366,8.624924246,0.606434251,0.00025941,6.147033127,0.717206267
508792.5995,133935.3737,157326.9411,13934.7653,839.3711866,22.21377315,69.30104167,225.3063657,30,10.68551366,8.624924246,0.606434251,0.00025941,6.147033127,0.717206267
551228.6136,126065.5569,154590.2993,16087.45786,11.95119585,26.66420251,66.30790771,284.5905765,31,10.68551366,8.624924246,0.606434251,0.00025941,6.147033127,0.717206267
547527.9634,139528.3882,163319.5874,14777.00743,1198.359723,23.04596774,77.16319444,219.8065636,31,10.68551366,8.624924246,0.606434251,0.00025941,6.147033127,0.717206267
497181.1743,125471.6084,151713.8291,12445.64667,6742.206477,20.35770833,84.16527778,153.3049769,30,10.68551366,8.624924246,0.606434251,0.00025941,6.147033127,0.717206267
423597.6212,129530.2561,157087.2353,11652.74582,42136.04697,12.89782706,75.73711918,157.4538157,31,10.68551366,8.624924246,0.606434251,0.00025941,6.147033127,0.717206267
381703.7571,123937.2416,151094.589,10792.20019,70698.53306,9.760949074,74.10636574,128.5277006,30,10.68551366,8.624924246,0.606434251,0.00025941,6.147033127,0.717206267
371312.1168,126065.5569,154590.2993,11179.84578,126937.4503,5.489852151,75.55857975,140.3433766,31,10.68551366,8.624924246,0.606434251,0.00025941,6.147033127,0.717206267
374562.9525,108060.5723,182906.4902,15354.09929,298156.6435,-2.113575269,70.30320341,156.7973417,31,9.272237108,10.24578664,0.561394375,0.000352215,5.011760281,0.855868187
349088.6898,102176.5109,168953.582,11714.98674,154782.0945,1.942956349,62.61458333,188.2471892,28,9.272237108,10.24578664,0.561394375,0.000352215,5.011760281,0.855868187
399118.9339,121074.2263,194011.8661,12847.31653,96760.06169,5.43313172,62.39908154,197.9807721,31,9.272237108,10.24578664,0.561394375,0.000352215,5.011760281,0.855868187
417574.7139,108876.61,180225.064,11688.35065,38183.5566,12.56460648,68.95763889,135.3763503,30,9.272237108,10.24578664,0.561394375,0.000352215,5.011760281,0.855868187
509523.9389,116736.3416,190310.0741,13720.82418,10909.47794,17.91901882,74.3156362,192.3388217,31,9.272237108,10.24578664,0.561394375,0.000352215,5.011760281,0.855868187
545659.3869,116220.9494,186893.0354,15443.49534,635.9495491,22.21377315,69.30104167,225.3063657,30,9.272237108,10.24578664,0.561394375,0.000352215,5.011760281,0.855868187
599591.417,109392.0023,183642.1027,17903.20994,7.249861136,26.66420251,66.30790771,284.5905765,31,9.272237108,10.24578664,0.561394375,0.000352215,5.011760281,0.855868187
589906.4949,121074.2263,194011.8661,16415.40729,891.8295137,23.04596774,77.16319444,219.8065636,31,9.272237108,10.24578664,0.561394375,0.000352215,5.011760281,0.855868187
534432.3808,108876.61,180225.064,13743.52533,5306.139834,20.35770833,84.16527778,153.3049769,30,9.272237108,10.24578664,0.561394375,0.000352215,5.011760281,0.855868187
444541.6931,112398.457,186608.2822,12692.15197,34658.19902,12.89782706,75.73711918,157.4538157,31,9.272237108,10.24578664,0.561394375,0.000352215,5.011760281,0.855868187
397771.6266,107545.1801,179489.4515,11700.95122,58388.51492,9.760949074,74.10636574,128.5277006,30,9.272237108,10.24578664,0.561394375,0.000352215,5.011760281,0.855868187
385926.7611,109392.0023,183642.1027,12136.2651,105958.1106,5.489852151,75.55857975,140.3433766,31,9.272237108,10.24578664,0.561394375,0.000352215,5.011760281,0.855868187
351918.6321,104940.1473,164385.9717,14319.37299,325233.4395,-2.113575269,70.30320341,156.7973417,31,9.004486163,9.208331489,0.581255524,0.000310918,5.785800839,0.814503189
327674.0518,99225.99782,151845.8898,10926.50004,171484.1977,1.942956349,62.61458333,188.2471892,28,9.004486163,9.208331489,0.581255524,0.000310918,5.785800839,0.814503189
374474.8993,117578.0109,174366.8532,11988.146,108716.4992,5.43313172,62.39908154,197.9807721,31,9.004486163,9.208331489,0.581255524,0.000310918,5.785800839,0.814503189
388889.7078,105732.6206,161976.058,10869.57015,42734.22604,12.56460648,68.95763889,135.3763503,30,9.004486163,9.208331489,0.581255524,0.000310918,5.785800839,0.814503189
470850.3002,113365.3897,171039.8927,12664.44503,12406.12787,17.91901882,74.3156362,192.3388217,31,9.004486163,9.208331489,0.581255524,0.000310918,5.785800839,0.814503189
501590.6431,112864.8802,167968.8522,14175.06508,746.0396364,22.21377315,69.30104167,225.3063657,30,9.004486163,9.208331489,0.581255524,0.000310918,5.785800839,0.814503189
547751.9989,106233.1301,165047.0984,16496.75046,8.584091423,26.66420251,66.30790771,284.5905765,31,9.004486163,9.208331489,0.581255524,0.000310918,5.785800839,0.814503189
540363.7166,117578.0109,174366.8532,15048.17451,1047.724747,23.04596774,77.16319444,219.8065636,31,9.004486163,9.208331489,0.581255524,0.000310918,5.785800839,0.814503189
490783.4528,105732.6206,161976.058,12628.28328,6043.925517,20.35770833,84.16527778,153.3049769,30,9.004486163,9.208331489,0.581255524,0.000310918,5.785800839,0.814503189
414514.6593,109152.7685,167712.9322,11783.06685,38605.63002,12.89782706,75.73711918,157.4538157,31,9.004486163,9.208331489,0.581255524,0.000310918,5.785800839,0.814503189
372481.5818,104439.6379,161314.9312,10913.05325,64742.18448,9.760949074,74.10636574,128.5277006,30,9.004486163,9.208331489,0.581255524,0.000310918,5.785800839,0.814503189
362145.6062,106233.1301,165047.0984,11332.47464,117710.3794,5.489852151,75.55857975,140.3433766,31,9.004486163,9.208331489,0.581255524,0.000310918,5.785800839,0.814503189
389713.8862,106857.459,202745.588,11946.52515,261044.8874,-2.113575269,70.30320341,156.7973417,31,9.169002861,11.35710403,0.688315585,0.000246349,5.487271186,0.847455262
363689.1344,101038.909,187279.2665,9398.125996,132316.0561,1.942956349,62.61458333,188.2471892,28,9.169002861,11.35710403,0.688315585,0.000246349,5.487271186,0.847455262
416256.6752,119726.223,215055.5173,10772.40892,84449.11673,5.43313172,62.39908154,197.9807721,31,9.169002861,11.35710403,0.688315585,0.000246349,5.487271186,0.847455262
431578.1349,107664.4112,199773.3187,9856.052982,32791.46415,12.56460648,68.95763889,135.3763503,30,9.169002861,11.35710403,0.688315585,0.000246349,5.487271186,0.847455262
521086.697,115436.635,210952.2075,11730.35621,9113.886915,17.91901882,74.3156362,192.3388217,31,9.169002861,11.35710403,0.688315585,0.000246349,5.487271186,0.847455262
554887.4581,114926.981,207164.537,13214.26344,469.9513014,22.21377315,69.30104167,225.3063657,30,9.169002861,11.35710403,0.688315585,0.000246349,5.487271186,0.847455262
605524.9478,108174.0652,203560.9893,15167.70462,4.875333717,26.66420251,66.30790771,284.5905765,31,9.169002861,11.35710403,0.688315585,0.000246349,5.487271186,0.847455262
599197.7656,119726.223,215055.5173,14042.21167,729.5781008,23.04596774,77.16319444,219.8065636,31,9.169002861,11.35710403,0.688315585,0.000246349,5.487271186,0.847455262
543386.2885,107664.4112,199773.3187,11750.4614,4459.723078,20.35770833,84.16527778,153.3049769,30,9.169002861,11.35710403,0.688315585,0.000246349,5.487271186,0.847455262
459032.1026,111147.047,206848.8978,10793.82629,30205.38815,12.89782706,75.73711918,157.4538157,31,9.169002861,11.35710403,0.688315585,0.000246349,5.487271186,0.847455262
412937.193,106347.805,198957.9174,9820.395593,50915.91824,9.760949074,74.10636574,128.5277006,30,9.169002861,11.35710403,0.688315585,0.000246349,5.487271186,0.847455262
401945.7815,108174.0652,203560.9893,10160.72469,93701.61867,5.489852151,75.55857975,140.3433766,31,9.169002861,11.35710403,0.688315585,0.000246349,5.487271186,0.847455262
431683.7421,132324.6518,217206.1948,14050.30872,244888.2316,-2.113575269,70.30320341,156.7973417,31,11.35423883,12.16713703,0.621697857,0.000275349,4.969231669,0.804320434
403427.4399,125119.3746,200636.755,11153.19536,121373.2283,1.942956349,62.61458333,188.2471892,28,11.35423883,12.16713703,0.621697857,0.000275349,4.969231669,0.804320434
463061.0991,148260.4107,230394.1164,12843.10495,77861.95822,5.43313172,62.39908154,197.9807721,31,11.35423883,12.16713703,0.621697857,0.000275349,4.969231669,0.804320434
480835.2554,133323.9238,214021.9317,11876.14675,31279.45782,12.56460648,68.95763889,135.3763503,30,11.35423883,12.16713703,0.621697857,0.000275349,4.969231669,0.804320434
583393.6246,142948.4911,225998.1425,14204.96483,8698.194151,17.91901882,74.3156362,192.3388217,31,11.35423883,12.16713703,0.621697857,0.000275349,4.969231669,0.804320434
623133.4388,142317.3719,221940.3205,15976.79433,459.6064149,22.21377315,69.30104167,225.3063657,30,11.35423883,12.16713703,0.621697857,0.000275349,4.969231669,0.804320434
680848.9566,133955.043,218079.7537,18135.40684,5.683110845,26.66420251,66.30790771,284.5905765,31,11.35423883,12.16713703,0.621697857,0.000275349,4.969231669,0.804320434
673820.3055,148260.4107,230394.1164,16957.33578,693.3059551,23.04596774,77.16319444,219.8065636,31,11.35423883,12.16713703,0.621697857,0.000275349,4.969231669,0.804320434
609711.7547,133323.9238,214021.9317,14234.90463,4205.664245,20.35770833,84.16527778,153.3049769,30,11.35423883,12.16713703,0.621697857,0.000275349,4.969231669,0.804320434
510732.6292,137636.5714,221602.1687,13021.34241,28924.22986,12.89782706,75.73711918,157.4538157,31,11.35423883,12.16713703,0.621697857,0.000275349,4.969231669,0.804320434
458409.6555,131693.5326,213148.3728,11741.81587,48734.20548,9.760949074,74.10636574,128.5277006,30,11.35423883,12.16713703,0.621697857,0.000275349,4.969231669,0.804320434
445677.0464,133955.043,218079.7537,12095.95062,88087.36513,5.489852151,75.55857975,140.3433766,31,11.35423883,12.16713703,0.621697857,0.000275349,4.969231669,0.804320434
418755.6664,112159.5322,224442.73,14032.03225,305445.3522,-2.113575269,70.30320341,156.7973417,31,9.623952144,12.57250261,0.604203552,0.000279696,5.57482267,0.671996557
390551.0519,106052.2763,207321.2555,11117.65054,152468.6898,1.942956349,62.61458333,188.2471892,28,9.623952144,12.57250261,0.604203552,0.000279696,5.57482267,0.671996557
447640.6792,125666.8209,238070.026,12790.05127,97045.36066,5.43313172,62.39908154,197.9807721,31,9.623952144,12.57250261,0.604203552,0.000279696,5.57482267,0.671996557
462015.5308,113006.5239,221152.3786,11803.06256,38081.48304,12.56460648,68.95763889,135.3763503,30,9.623952144,12.57250261,0.604203552,0.000279696,5.57482267,0.671996557
556184.5851,121164.3913,233527.594,14157.24377,10499.18862,17.91901882,74.3156362,192.3388217,31,9.623952144,12.57250261,0.604203552,0.000279696,5.57482267,0.671996557
590702.9693,120629.4492,229334.5799,15995.22351,526.541157,22.21377315,69.30104167,225.3063657,30,9.623952144,12.57250261,0.604203552,0.000279696,5.57482267,0.671996557
643041.8438,113541.466,225345.3928,18255.55206,5.297876743,26.66420251,66.30790771,284.5905765,31,9.623952144,12.57250261,0.604203552,0.000279696,5.57482267,0.671996557
637354.5934,125666.8209,238070.026,16983.90865,821.9980896,23.04596774,77.16319444,219.8065636,31,9.623952144,12.57250261,0.604203552,0.000279696,5.57482267,0.671996557
577585.6851,113006.5239,221152.3786,14208.65329,5022.913736,20.35770833,84.16527778,153.3049769,30,9.623952144,12.57250261,0.604203552,0.000279696,5.57482267,0.671996557
491107.565,116661.9618,228985.162,12965.57317,35282.2491,12.89782706,75.73711918,157.4538157,31,9.623952144,12.57250261,0.604203552,0.000279696,5.57482267,0.671996557
442674.1974,111624.5901,220249.7159,11691.36425,59508.13201,9.760949074,74.10636574,128.5277006,30,9.623952144,12.57250261,0.604203552,0.000279696,5.57482267,0.671996557
431527.381,113541.466,225345.3928,12055.0937,109046.7845,5.489852151,75.55857975,140.3433766,31,9.623952144,12.57250261,0.604203552,0.000279696,5.57482267,0.671996557
355893.973,115466.3704,159422.5048,12762.85383,360350.6102,-2.113575269,70.30320341,156.7973417,31,9.907698444,8.930295304,0.645792593,0.000244745,5.547461632,0.695043885
331936.6708,109179.0521,147261.0579,9693.280909,185277.6506,1.942956349,62.61458333,188.2471892,28,9.907698444,8.930295304,0.645792593,0.000244745,5.547461632,0.695043885
380056.2557,129371.8991,169102.0238,10988.85818,120165.7504,5.43313172,62.39908154,197.9807721,31,9.907698444,8.930295304,0.645792593,0.000244745,5.547461632,0.695043885
395265.9284,116338.3342,157085.356,9953.51744,47492.34714,12.56460648,68.95763889,135.3763503,30,9.907698444,8.930295304,0.645792593,0.000244745,5.547461632,0.695043885
480079.7088,124736.7229,165875.5174,11618.64883,13719.73269,17.91901882,74.3156362,192.3388217,31,9.907698444,8.930295304,0.645792593,0.000244745,5.547461632,0.695043885
511795.9259,124186.0089,162897.2039,12975.60023,828.7771433,22.21377315,69.30104167,225.3063657,30,9.907698444,8.930295304,0.645792593,0.000244745,5.547461632,0.695043885
558921.4233,116889.0482,160063.6695,15004.21596,10.31809353,26.66420251,66.30790771,284.5905765,31,9.907698444,8.930295304,0.645792593,0.000244745,5.547461632,0.695043885
551902.5992,129371.8991,169102.0238,13758.25493,1188.700993,23.04596774,77.16319444,219.8065636,31,9.907698444,8.930295304,0.645792593,0.000244745,5.547461632,0.695043885
500591.0765,116338.3342,157085.356,11573.5739,6814.45549,20.35770833,84.16527778,153.3049769,30,9.907698444,8.930295304,0.645792593,0.000244745,5.547461632,0.695043885
421036.5612,120101.5466,162649.0111,10811.48467,43010.6188,12.89782706,75.73711918,157.4538157,31,9.907698444,8.930295304,0.645792593,0.000244745,5.547461632,0.695043885
378104.1384,114915.6564,156444.1913,10005.25728,72272.26141,9.760949074,74.10636574,128.5277006,30,9.907698444,8.930295304,0.645792593,0.000244745,5.547461632,0.695043885
367135.0335,116889.0482,160063.6695,10380.67415,131090.7653,5.489852151,75.55857975,140.3433766,31,9.907698444,8.930295304,0.645792593,0.000244745,5.547461632,0.695043885
385848.196,142835.6752,158069.3029,16727.14304,315395.3513,-2.113575269,70.30320341,156.7973417,31,12.25614689,8.854493633,0.531592989,0.000314545,6.439539714,0.770907837
359631.3649,135058.0569,146011.0842,12718.73948,160862.7174,1.942956349,62.61458333,188.2471892,28,12.25614689,8.854493633,0.531592989,0.000314545,6.439539714,0.770907837
412549.4894,160037.2688,167666.6607,14120.65337,102058.9445,5.43313172,62.39908154,197.9807721,31,12.25614689,8.854493633,0.531592989,0.000314545,6.439539714,0.770907837
423255.87,143914.323,155751.9922,12840.52905,41956.005,12.56460648,68.95763889,135.3763503,30,12.25614689,8.854493633,0.531592989,0.000314545,6.439539714,0.770907837
507312.2305,154303.4043,164467.5415,14992.41147,12319.20062,17.91901882,74.3156362,192.3388217,31,12.25614689,8.854493633,0.531592989,0.000314545,6.439539714,0.770907837
537066.6772,153622.153,161514.5083,16740.27773,796.7107854,22.21377315,69.30104167,225.3063657,30,12.25614689,8.854493633,0.531592989,0.000314545,6.439539714,0.770907837
578066.8982,144595.5742,158705.0253,19229.52429,10.92363171,26.66420251,66.30790771,284.5905765,31,12.25614689,8.854493633,0.531592989,0.000314545,6.439539714,0.770907837
577273.8818,160037.2688,167666.6607,17764.26043,1090.114965,23.04596774,77.16319444,219.8065636,31,12.25614689,8.854493633,0.531592989,0.000314545,6.439539714,0.770907837
524013.4535,143914.323,155751.9922,14960.52135,6121.239199,20.35770833,84.16527778,153.3049769,30,12.25614689,8.854493633,0.531592989,0.000314545,6.439539714,0.770907837
450383.0175,148569.5397,161268.4222,13916.99764,38061.87253,12.89782706,75.73711918,157.4538157,31,12.25614689,8.854493633,0.531592989,0.000314545,6.439539714,0.770907837
406694.846,142154.4239,155116.2698,12851.37529,63867.78781,9.760949074,74.10636574,128.5277006,30,12.25614689,8.854493633,0.531592989,0.000314545,6.439539714,0.770907837
396529.6415,144595.5742,158705.0253,13336.14049,113296.8251,5.489852151,75.55857975,140.3433766,31,12.25614689,8.854493633,0.531592989,0.000314545,6.439539714,0.770907837
413598.0628,136633.5055,192001.3134,16793.97575,253088.2176,-2.113575269,70.30320341,156.7973417,31,11.723964,10.75524707,0.540346925,0.000338537,4.610682467,0.892815955
386076.9624,129193.6048,177354.6123,12694.74482,124731.56,1.942956349,62.61458333,188.2471892,28,11.723964,10.75524707,0.540346925,0.000338537,4.610682467,0.892815955
442890.0396,153088.1765,203658.8918,14375.58807,79829.27786,5.43313172,62.39908154,197.9807721,31,11.723964,10.75524707,0.540346925,0.000338537,4.610682467,0.892815955
463694.7178,137665.3166,189186.5562,13163.33559,32361.14767,12.56460648,68.95763889,135.3763503,30,11.723964,10.75524707,0.540346925,0.000338537,4.610682467,0.892815955
567355.2081,147603.2862,199773.0324,15596.01561,9227.496996,17.91901882,74.3156362,192.3388217,31,11.723964,10.75524707,0.540346925,0.000338537,4.610682467,0.892815955
609107.5726,146951.616,196186.0851,17512.73468,530.2083801,22.21377315,69.30104167,225.3063657,30,11.723964,10.75524707,0.540346925,0.000338537,4.610682467,0.892815955
669580.4613,138316.9867,192773.5034,20032.36762,8.789122554,26.66420251,66.30790771,284.5905765,31,11.723964,10.75524707,0.540346925,0.000338537,4.610682467,0.892815955
660533.5631,153088.1765,203658.8918,18614.37176,769.9506289,23.04596774,77.16319444,219.8065636,31,11.723964,10.75524707,0.540346925,0.000338537,4.610682467,0.892815955
596889.8143,137665.3166,189186.5562,15623.74286,4539.300028,20.35770833,84.16527778,153.3049769,30,11.723964,10.75524707,0.540346925,0.000338537,4.610682467,0.892815955
492859.6991,142118.3958,195887.1729,14346.85031,29608.31088,12.89782706,75.73711918,157.4538157,31,11.723964,10.75524707,0.540346925,0.000338537,4.610682467,0.892815955
440273.911,135981.8354,188414.3662,13093.30837,49876.60974,9.760949074,74.10636574,128.5277006,30,11.723964,10.75524707,0.540346925,0.000338537,4.610682467,0.892815955
426745.4578,138316.9867,192773.5034,13555.68589,89220.50413,5.489852151,75.55857975,140.3433766,31,11.723964,10.75524707,0.540346925,0.000338537,4.610682467,0.892815955
463656.6949,150307.0951,229770.3267,15506.42572,242254.586,-2.113575269,70.30320341,156.7973417,31,12.89723898,12.87093608,0.594479223,0.000327332,6.06494254,0.763068754
432981.1475,142122.6468,212242.4398,12293.90452,118646.6575,1.942956349,62.61458333,188.2471892,28,12.89723898,12.87093608,0.594479223,0.000327332,6.06494254,0.763068754
497809.66,168408.4663,243721.0938,14201.03134,77021.71686,5.43313172,62.39908154,197.9807721,31,12.89723898,12.87093608,0.594479223,0.000327332,6.06494254,0.763068754
508862.8234,151442.1646,226401.8723,13218.8643,31682.48252,12.56460648,68.95763889,135.3763503,30,12.89723898,12.87093608,0.594479223,0.000327332,6.06494254,0.763068754
607397.7828,162374.6759,239070.8381,15811.47226,8711.654268,17.91901882,74.3156362,192.3388217,31,12.89723898,12.87093608,0.594479223,0.000327332,6.06494254,0.763068754
642904.0493,161657.7899,234778.2944,17746.01407,481.0042028,22.21377315,69.30104167,225.3063657,30,12.89723898,12.87093608,0.594479223,0.000327332,6.06494254,0.763068754
692040.4564,152159.0506,230694.416,20003.49546,9.891407404,26.66420251,66.30790771,284.5905765,31,12.89723898,12.87093608,0.594479223,0.000327332,6.06494254,0.763068754
692131.5133,168408.4663,243721.0938,18846.62918,724.842568,23.04596774,77.16319444,219.8065636,31,12.89723898,12.87093608,0.594479223,0.000327332,6.06494254,0.763068754
626320.7815,151442.1646,226401.8723,15858.6501,4208.315135,20.35770833,84.16527778,153.3049769,30,12.89723898,12.87093608,0.594479223,0.000327332,6.06494254,0.763068754
539866.1136,156340.8855,234420.5824,14474.39947,29208.59537,12.89782706,75.73711918,157.4538157,31,12.89723898,12.87093608,0.594479223,0.000327332,6.06494254,0.763068754
488558.7618,149590.2092,225477.783,12999.04742,49226.904,9.760949074,74.10636574,128.5277006,30,12.89723898,12.87093608,0.594479223,0.000327332,6.06494254,0.763068754
477178.7068,152159.0506,230694.416,13342.31161,87872.86548,5.489852151,75.55857975,140.3433766,31,12.89723898,12.87093608,0.594479223,0.000327332,6.06494254,0.763068754
