Electricity:Facility,Site Outdoor Air Drybulb Temperature,Site Outdoor Air Relative Humidity,Site Direct Solar Radiation Rate per Area,days,tc1,tc2,tc3,tc4
393208.9992,-2.113575269,70.30320341,156.7973417,31,10.16945496,10.781798,0.607442475,0.000276819
366709.0086,1.942956349,62.61458333,188.2471892,28,10.16945496,10.781798,0.607442475,0.000276819
420252.3018,5.43313172,62.39908154,197.9807721,31,10.16945496,10.781798,0.607442475,0.000276819
435534.4461,12.56460648,68.95763889,135.3763503,30,10.16945496,10.781798,0.607442475,0.000276819
526630.4859,17.91901882,74.3156362,192.3388217,31,10.16945496,10.781798,0.607442475,0.000276819
560763.6576,22.21377315,69.30104167,225.3063657,30,10.16945496,10.781798,0.607442475,0.000276819
610500.0565,26.66420251,66.30790771,284.5905765,31,10.16945496,10.781798,0.607442475,0.000276819
604915.5777,23.04596774,77.16319444,219.8065636,31,10.16945496,10.781798,0.607442475,0.000276819
548416.1619,20.35770833,84.16527778,153.3049769,30,10.16945496,10.781798,0.607442475,0.000276819
463110.8445,12.89782706,75.73711918,157.4538157,31,10.16945496,10.781798,0.607442475,0.000276819
416492.9669,9.760949074,74.10636574,128.5277006,30,10.16945496,10.781798,0.607442475,0.000276819
405315.6739,5.489852151,75.55857975,140.3433766,31,10.16945496,10.781798,0.607442475,0.000276819
436791.8008,-2.113575269,70.30320341,156.7973417,31,11.68064371,12.01327042,0.485287383,0.000278213
407768.8339,1.942956349,62.61458333,188.2471892,28,11.68064371,12.01327042,0.485287383,0.000278213
468173.3043,5.43313172,62.39908154,197.9807721,31,11.68064371,12.01327042,0.485287383,0.000278213
483206.173,12.56460648,68.95763889,135.3763503,30,11.68064371,12.01327042,0.485287383,0.000278213
582849.0996,17.91901882,74.3156362,192.3388217,31,11.68064371,12.01327042,0.485287383,0.000278213
619930.1337,22.21377315,69.30104167,225.3063657,30,11.68064371,12.01327042,0.485287383,0.000278213
672818.6637,26.66420251,66.30790771,284.5905765,31,11.68064371,12.01327042,0.485287383,0.000278213
668865.9682,23.04596774,77.16319444,219.8065636,31,11.68064371,12.01327042,0.485287383,0.000278213
605741.6311,20.35770833,84.16527778,153.3049769,30,11.68064371,12.01327042,0.485287383,0.000278213
514008.3298,12.89782706,75.73711918,157.4538157,31,11.68064371,12.01327042,0.485287383,0.000278213
462512.6591,9.760949074,74.10636574,128.5277006,30,11.68064371,12.01327042,0.485287383,0.000278213
450148.4853,5.489852151,75.55857975,140.3433766,31,11.68064371,12.01327042,0.485287383,0.000278213
366093.1296,-2.113575269,70.30320341,156.7973417,31,9.516198429,9.517107327,0.49673886,0.000314678
340919.3813,1.942956349,62.61458333,188.2471892,28,9.516198429,9.517107327,0.49673886,0.000314678
389713.7255,5.43313172,62.39908154,197.9807721,31,9.516198429,9.517107327,0.49673886,0.000314678
405810.5829,12.56460648,68.95763889,135.3763503,30,9.516198429,9.517107327,0.49673886,0.000314678
492990.8731,17.91901882,74.3156362,192.3388217,31,9.516198429,9.517107327,0.49673886,0.000314678
525791.9909,22.21377315,69.30104167,225.3063657,30,9.516198429,9.517107327,0.49673886,0.000314678
575229.7551,26.66420251,66.30790771,284.5905765,31,9.516198429,9.517107327,0.49673886,0.000314678
567365.4699,23.04596774,77.16319444,219.8065636,31,9.516198429,9.517107327,0.49673886,0.000314678
514765.234,20.35770833,84.16527778,153.3049769,30,9.516198429,9.517107327,0.49673886,0.000314678
432615.2828,12.89782706,75.73711918,157.4538157,31,9.516198429,9.517107327,0.49673886,0.000314678
387906.3119,9.760949074,74.10636574,128.5277006,30,9.516198429,9.517107327,0.49673886,0.000314678
376735.5452,5.489852151,75.55857975,140.3433766,31,9.516198429,9.517107327,0.49673886,0.000314678
394875.8892,-2.113575269,70.30320341,156.7973417,31,9.759885125,11.01346341,0.524402353,0.000289916
367854.5103,1.942956349,62.61458333,188.2471892,28,9.759885125,11.01346341,0.524402353,0.000289916
421323.6178,5.43313172,62.39908154,197.9807721,31,9.759885125,11.01346341,0.524402353,0.000289916
436897.2431,12.56460648,68.95763889,135.3763503,30,9.759885125,11.01346341,0.524402353,0.000289916
528663.9162,17.91901882,74.3156362,192.3388217,31,9.759885125,11.01346341,0.524402353,0.000289916
563146.9976,22.21377315,69.30104167,225.3063657,30,9.759885125,11.01346341,0.524402353,0.000289916
613888.1381,26.66420251,66.30790771,284.5905765,31,9.759885125,11.01346341,0.524402353,0.000289916
607726.2525,23.04596774,77.16319444,219.8065636,31,9.759885125,11.01346341,0.524402353,0.000289916
551017.8202,20.35770833,84.16527778,153.3049769,30,9.759885125,11.01346341,0.524402353,0.000289916
465014.7115,12.89782706,75.73711918,157.4538157,31,9.759885125,11.01346341,0.524402353,0.000289916
418050.5898,9.760949074,74.10636574,128.5277006,30,9.759885125,11.01346341,0.524402353,0.000289916
406690.7166,5.489852151,75.55857975,140.3433766,31,9.759885125,11.01346341,0.524402353,0.000289916
419237.3259,-2.113575269,70.30320341,156.7973417,31,10.18954883,12.27102557,0.663856885,0.000322433
391103.546,1.942956349,62.61458333,188.2471892,28,10.18954883,12.27102557,0.663856885,0.000322433
448269.6932,5.43313172,62.39908154,197.9807721,31,10.18954883,12.27102557,0.663856885,0.000322433
463042.8778,12.56460648,68.95763889,135.3763503,30,10.18954883,12.27102557,0.663856885,0.000322433
558216.3097,17.91901882,74.3156362,192.3388217,31,10.18954883,12.27102557,0.663856885,0.000322433
593154.9772,22.21377315,69.30104167,225.3063657,30,10.18954883,12.27102557,0.663856885,0.000322433
645562.2226,26.66420251,66.30790771,284.5905765,31,10.18954883,12.27102557,0.663856885,0.000322433
639998.8126,23.04596774,77.16319444,219.8065636,31,10.18954883,12.27102557,0.663856885,0.000322433
580089.9987,20.35770833,84.16527778,153.3049769,30,10.18954883,12.27102557,0.663856885,0.000322433
491776.6253,12.89782706,75.73711918,157.4538157,31,10.18954883,12.27102557,0.663856885,0.000322433
443058.7201,9.760949074,74.10636574,128.5277006,30,10.18954883,12.27102557,0.663856885,0.000322433
431849.5034,5.489852151,75.55857975,140.3433766,31,10.18954883,12.27102557,0.663856885,0.000322433
356662.7961,-2.113575269,70.30320341,156.7973417,31,9.75249449,8.902222984,0.519042773,0.000246844
332277.1194,1.942956349,62.61458333,188.2471892,28,9.75249449,8.902222984,0.519042773,0.000246844
380390.897,5.43313172,62.39908154,197.9807721,31,9.75249449,8.902222984,0.519042773,0.000246844
396384.6308,12.56460648,68.95763889,135.3763503,30,9.75249449,8.902222984,0.519042773,0.000246844
482362.4182,17.91901882,74.3156362,192.3388217,31,9.75249449,8.902222984,0.519042773,0.000246844
514737.0094,22.21377315,69.30104167,225.3063657,30,9.75249449,8.902222984,0.519042773,0.000246844
562512.4938,26.66420251,66.30790771,284.5905765,31,9.75249449,8.902222984,0.519042773,0.000246844
555198.0109,23.04596774,77.16319444,219.8065636,31,9.75249449,8.902222984,0.519042773,0.000246844
503497.51,20.35770833,84.16527778,153.3049769,30,9.75249449,8.902222984,0.519042773,0.000246844
422585.9749,12.89782706,75.73711918,157.4538157,31,9.75249449,8.902222984,0.519042773,0.000246844
379070.7049,9.760949074,74.10636574,128.5277006,30,9.75249449,8.902222984,0.519042773,0.000246844
367649.6563,5.489852151,75.55857975,140.3433766,31,9.75249449,8.902222984,0.519042773,0.000246844
419894.5881,-2.113575269,70.30320341,156.7973417,31,11.58854912,11.42452209,0.687387893,0.000284472
392246.7955,1.942956349,62.61458333,188.2471892,28,11.58854912,11.42452209,0.687387893,0.000284472
450182.2369,5.43313172,62.39908154,197.9807721,31,11.58854912,11.42452209,0.687387893,0.000284472
464470.2718,12.56460648,68.95763889,135.3763503,30,11.58854912,11.42452209,0.687387893,0.000284472
559260.3213,17.91901882,74.3156362,192.3388217,31,11.58854912,11.42452209,0.687387893,0.000284472
595072.909,22.21377315,69.30104167,225.3063657,30,11.58854912,11.42452209,0.687387893,0.000284472
645657.3074,26.66420251,66.30790771,284.5905765,31,11.58854912,11.42452209,0.687387893,0.000284472
642083.2648,23.04596774,77.16319444,219.8065636,31,11.58854912,11.42452209,0.687387893,0.000284472
581786.0008,20.35770833,84.16527778,153.3049769,30,11.58854912,11.42452209,0.687387893,0.000284472
493180.1083,12.89782706,75.73711918,157.4538157,31,11.58854912,11.42452209,0.687387893,0.000284472
444373.1314,9.760949074,74.10636574,128.5277006,30,11.58854912,11.42452209,0.687387893,0.000284472
432852.0172,5.489852151,75.55857975,140.3433766,31,11.58854912,11.42452209,0.687387893,0.000284472
424354.94,-2.113575269,70.30320341,156.7973417,31,11.4638062,11.56385621,0.535704155,0.000264652
396179.1354,1.942956349,62.61458333,188.2471892,28,11.4638062,11.56385621,0.535704155,0.000264652
454840.504,5.43313172,62.39908154,197.9807721,31,11.4638062,11.56385621,0.535704155,0.000264652
469626.777,12.56460648,68.95763889,135.3763503,30,11.4638062,11.56385621,0.535704155,0.000264652
566308.517,17.91901882,74.3156362,192.3388217,31,11.4638062,11.56385621,0.535704155,0.000264652
602719.2215,22.21377315,69.30104167,225.3063657,30,11.4638062,11.56385621,0.535704155,0.000264652
653882.5408,26.66420251,66.30790771,284.5905765,31,11.4638062,11.56385621,0.535704155,0.000264652
650441.2012,23.04596774,77.16319444,219.8065636,31,11.4638062,11.56385621,0.535704155,0.000264652
589112.9491,20.35770833,84.16527778,153.3049769,30,11.4638062,11.56385621,0.535704155,0.000264652
499432.7124,12.89782706,75.73711918,157.4538157,31,11.4638062,11.56385621,0.535704155,0.000264652
449508.2162,9.760949074,74.10636574,128.5277006,30,11.4638062,11.56385621,0.535704155,0.000264652
437510.9971,5.489852151,75.55857975,140.3433766,31,11.4638062,11.56385621,0.535704155,0.000264652
371332.596,-2.113575269,70.30320341,156.7973417,31,9.966139032,9.635724597,0.571694346,0.000307575
345971.7804,1.942956349,62.61458333,188.2471892,28,9.966139032,9.635724597,0.571694346,0.000307575
396012.3321,5.43313172,62.39908154,197.9807721,31,9.966139032,9.635724597,0.571694346,0.000307575
411656.2901,12.56460648,68.95763889,135.3763503,30,9.966139032,9.635724597,0.571694346,0.000307575
499350.1231,17.91901882,74.3156362,192.3388217,31,9.966139032,9.635724597,0.571694346,0.000307575
532380.8995,22.21377315,69.30104167,225.3063657,30,9.966139032,9.635724597,0.571694346,0.000307575
581571.8379,26.66420251,66.30790771,284.5905765,31,9.966139032,9.635724597,0.571694346,0.000307575
574165.3485,23.04596774,77.16319444,219.8065636,31,9.966139032,9.635724597,0.571694346,0.000307575
520881.3455,20.35770833,84.16527778,153.3049769,30,9.966139032,9.635724597,0.571694346,0.000307575
438334.6373,12.89782706,75.73711918,157.4538157,31,9.966139032,9.635724597,0.571694346,0.000307575
393567.7292,9.760949074,74.10636574,128.5277006,30,9.966139032,9.635724597,0.571694346,0.000307575
382414.3836,5.489852151,75.55857975,140.3433766,31,9.966139032,9.635724597,0.571694346,0.000307575
399870.4567,-2.113575269,70.30320341,156.7973417,31,10.98436085,10.65822517,0.65700316,0.000304719
373105.2629,1.942956349,62.61458333,188.2471892,28,10.98436085,10.65822517,0.65700316,0.000304719
427740.2009,5.43313172,62.39908154,197.9807721,31,10.98436085,10.65822517,0.65700316,0.000304719
442665.4237,12.56460648,68.95763889,135.3763503,30,10.98436085,10.65822517,0.65700316,0.000304719
534612.7895,17.91901882,74.3156362,192.3388217,31,10.98436085,10.65822517,0.65700316,0.000304719
569022.283,22.21377315,69.30104167,225.3063657,30,10.98436085,10.65822517,0.65700316,0.000304719
619480.7131,26.66420251,66.30790771,284.5905765,31,10.98436085,10.65822517,0.65700316,0.000304719
614017.6015,23.04596774,77.16319444,219.8065636,31,10.98436085,10.65822517,0.65700316,0.000304719
556359.0288,20.35770833,84.16527778,153.3049769,30,10.98436085,10.65822517,0.65700316,0.000304719
470448.3414,12.89782706,75.73711918,157.4538157,31,10.98436085,10.65822517,0.65700316,0.000304719
423249.4291,9.760949074,74.10636574,128.5277006,30,10.98436085,10.65822517,0.65700316,0.000304719
412062.6532,5.489852151,75.55857975,140.3433766,31,10.98436085,10.65822517,0.65700316,0.000304719
442767.3558,-2.113575269,70.30320341,156.7973417,31,12.60135152,12.05139858,0.694212778,0.00025335
414220.0634,1.942956349,62.61458333,188.2471892,28,12.60135152,12.05139858,0.694212778,0.00025335
475881.3512,5.43313172,62.39908154,197.9807721,31,12.60135152,12.05139858,0.694212778,0.00025335
490044.1324,12.56460648,68.95763889,135.3763503,30,12.60135152,12.05139858,0.694212778,0.00025335
589496.2115,17.91901882,74.3156362,192.3388217,31,12.60135152,12.05139858,0.694212778,0.00025335
625969.5055,22.21377315,69.30104167,225.3063657,30,12.60135152,12.05139858,0.694212778,0.00025335
677677.5812,26.66420251,66.30790771,284.5905765,31,12.60135152,12.05139858,0.694212778,0.00025335
675569.9443,23.04596774,77.16319444,219.8065636,31,12.60135152,12.05139858,0.694212778,0.00025335
611241.9412,20.35770833,84.16527778,153.3049769,30,12.60135152,12.05139858,0.694212778,0.00025335
519932.0586,12.89782706,75.73711918,157.4538157,31,12.60135152,12.05139858,0.694212778,0.00025335
468740.9654,9.760949074,74.10636574,128.5277006,30,12.60135152,12.05139858,0.694212778,0.00025335
456789.0629,5.489852151,75.55857975,140.3433766,31,12.60135152,12.05139858,0.694212778,0.00025335
412336.0239,-2.113575269,70.30320341,156.7973417,31,11.93918194,10.55360155,0.550501296,0.000354144
384415.3816,1.942956349,62.61458333,188.2471892,28,11.93918194,10.55360155,0.550501296,0.000354144
441098.1545,5.43313172,62.39908154,197.9807721,31,11.93918194,10.55360155,0.550501296,0.000354144
455925.5525,12.56460648,68.95763889,135.3763503,30,11.93918194,10.55360155,0.550501296,0.000354144
550457.0363,17.91901882,74.3156362,192.3388217,31,11.93918194,10.55360155,0.550501296,0.000354144
585719.0517,22.21377315,69.30104167,225.3063657,30,11.93918194,10.55360155,0.550501296,0.000354144
636315.3952,26.66420251,66.30790771,284.5905765,31,11.93918194,10.55360155,0.550501296,0.000354144
632076.86,23.04596774,77.16319444,219.8065636,31,11.93918194,10.55360155,0.550501296,0.000354144
572575.3126,20.35770833,84.16527778,153.3049769,30,11.93918194,10.55360155,0.550501296,0.000354144
484425.3214,12.89782706,75.73711918,157.4538157,31,11.93918194,10.55360155,0.550501296,0.000354144
436020.1937,9.760949074,74.10636574,128.5277006,30,11.93918194,10.55360155,0.550501296,0.000354144
424302.9184,5.489852151,75.55857975,140.3433766,31,11.93918194,10.55360155,0.550501296,0.000354144
400020.9134,-2.113575269,70.30320341,156.7973417,31,9.090225935,11.84667137,0.573576532,0.000261157
372992.9233,1.942956349,62.61458333,188.2471892,28,9.090225935,11.84667137,0.573576532,0.000261157
427142.7441,5.43313172,62.39908154,197.9807721,31,9.090225935,11.84667137,0.573576532,0.000261157
442511.727,12.56460648,68.95763889,135.3763503,30,9.090225935,11.84667137,0.573576532,0.000261157
535097.8392,17.91901882,74.3156362,192.3388217,31,9.090225935,11.84667137,0.573576532,0.000261157
568897.6971,22.21377315,69.30104167,225.3063657,30,9.090225935,11.84667137,0.573576532,0.000261157
620467.0794,26.66420251,66.30790771,284.5905765,31,9.090225935,11.84667137,0.573576532,0.000261157
614189.278,23.04596774,77.16319444,219.8065636,31,9.090225935,11.84667137,0.573576532,0.000261157
556767.5274,20.35770833,84.16527778,153.3049769,30,9.090225935,11.84667137,0.573576532,0.000261157
470901.1991,12.89782706,75.73711918,157.4538157,31,9.090225935,11.84667137,0.573576532,0.000261157
423594.8497,9.760949074,74.10636574,128.5277006,30,9.090225935,11.84667137,0.573576532,0.000261157
412448.3523,5.489852151,75.55857975,140.3433766,31,9.090225935,11.84667137,0.573576532,0.000261157
432991.2424,-2.113575269,70.30320341,156.7973417,31,12.15195011,11.71238941,0.621118259,0.000265971
404594.207,1.942956349,62.61458333,188.2471892,28,12.15195011,11.71238941,0.621118259,0.000265971
464764.525,5.43313172,62.39908154,197.9807721,31,12.15195011,11.71238941,0.621118259,0.000265971
479074.0667,12.56460648,68.95763889,135.3763503,30,12.15195011,11.71238941,0.621118259,0.000265971
577095.3702,17.91901882,74.3156362,192.3388217,31,12.15195011,11.71238941,0.621118259,0.000265971
613297.248,22.21377315,69.30104167,225.3063657,30,12.15195011,11.71238941,0.621118259,0.000265971
664977.9221,26.66420251,66.30790771,284.5905765,31,12.15195011,11.71238941,0.621118259,0.000265971
662084.0927,23.04596774,77.16319444,219.8065636,31,12.15195011,11.71238941,0.621118259,0.000265971
599466.2024,20.35770833,84.16527778,153.3049769,30,12.15195011,11.71238941,0.621118259,0.000265971
508914.1515,12.89782706,75.73711918,157.4538157,31,12.15195011,11.71238941,0.621118259,0.000265971
458364.9177,9.760949074,74.10636574,128.5277006,30,12.15195011,11.71238941,0.621118259,0.000265971
446527.3659,5.489852151,75.55857975,140.3433766,31,12.15195011,11.71238941,0.621118259,0.000265971
357415.5342,-2.113575269,70.30320341,156.7973417,31,10.33218589,8.767886726,0.703286651,0.000338191
333556.9006,1.942956349,62.61458333,188.2471892,28,10.33218589,8.767886726,0.703286651,0.000338191
381573.3892,5.43313172,62.39908154,197.9807721,31,10.33218589,8.767886726,0.703286651,0.000338191
396987.1325,12.56460648,68.95763889,135.3763503,30,10.33218589,8.767886726,0.703286651,0.000338191
481731.2126,17.91901882,74.3156362,192.3388217,31,10.33218589,8.767886726,0.703286651,0.000338191
514099.0497,22.21377315,69.30104167,225.3063657,30,10.33218589,8.767886726,0.703286651,0.000338191
561955.3191,26.66420251,66.30790771,284.5905765,31,10.33218589,8.767886726,0.703286651,0.000338191
554609.0247,23.04596774,77.16319444,219.8065636,31,10.33218589,8.767886726,0.703286651,0.000338191
503052.8253,20.35770833,84.16527778,153.3049769,30,10.33218589,8.767886726,0.703286651,0.000338191
422444.7514,12.89782706,75.73711918,157.4538157,31,10.33218589,8.767886726,0.703286651,0.000338191
379280.1652,9.760949074,74.10636574,128.5277006,30,10.33218589,8.767886726,0.703286651,0.000338191
368380.0676,5.489852151,75.55857975,140.3433766,31,10.33218589,8.767886726,0.703286651,0.000338191
351657.7944,-2.113575269,70.30320341,156.7973417,31,8.749971786,9.45723644,0.641479409,0.000242461
327697.7809,1.942956349,62.61458333,188.2471892,28,8.749971786,9.45723644,0.641479409,0.000242461
374803.9611,5.43313172,62.39908154,197.9807721,31,8.749971786,9.45723644,0.641479409,0.000242461
390441.5564,12.56460648,68.95763889,135.3763503,30,8.749971786,9.45723644,0.641479409,0.000242461
474141.3921,17.91901882,74.3156362,192.3388217,31,8.749971786,9.45723644,0.641479409,0.000242461
505927.6773,22.21377315,69.30104167,225.3063657,30,8.749971786,9.45723644,0.641479409,0.000242461
554159.4842,26.66420251,66.30790771,284.5905765,31,8.749971786,9.45723644,0.641479409,0.000242461
545727.9286,23.04596774,77.16319444,219.8065636,31,8.749971786,9.45723644,0.641479409,0.000242461
495266.8403,20.35770833,84.16527778,153.3049769,30,8.749971786,9.45723644,0.641479409,0.000242461
416014.5194,12.89782706,75.73711918,157.4538157,31,8.749971786,9.45723644,0.641479409,0.000242461
373344.9465,9.760949074,74.10636574,128.5277006,30,8.749971786,9.45723644,0.641479409,0.000242461
362698.3822,5.489852151,75.55857975,140.3433766,31,8.749971786,9.45723644,0.641479409,0.000242461
428824.0675,-2.113575269,70.30320341,156.7973417,31,10.53980524,12.55451329,0.623820394,0.000271895
400365.9504,1.942956349,62.61458333,188.2471892,28,10.53980524,12.55451329,0.623820394,0.000271895
459234.4357,5.43313172,62.39908154,197.9807721,31,10.53980524,12.55451329,0.623820394,0.000271895
473859.0318,12.56460648,68.95763889,135.3763503,30,10.53980524,12.55451329,0.623820394,0.000271895
570343.44,17.91901882,74.3156362,192.3388217,31,10.53980524,12.55451329,0.623820394,0.000271895
605992.8757,22.21377315,69.30104167,225.3063657,30,10.53980524,12.55451329,0.623820394,0.000271895
659221.7076,26.66420251,66.30790771,284.5905765,31,10.53980524,12.55451329,0.623820394,0.000271895
654189.6975,23.04596774,77.16319444,219.8065636,31,10.53980524,12.55451329,0.623820394,0.000271895
592419.1123,20.35770833,84.16527778,153.3049769,30,10.53980524,12.55451329,0.623820394,0.000271895
503335.8597,12.89782706,75.73711918,157.4538157,31,10.53980524,12.55451329,0.623820394,0.000271895
453573.0873,9.760949074,74.10636574,128.5277006,30,10.53980524,12.55451329,0.623820394,0.000271895
442165.7103,5.489852151,75.55857975,140.3433766,31,10.53980524,12.55451329,0.623820394,0.000271895
359216.168,-2.113575269,70.30320341,156.7973417,31,10.63922684,8.654647841,0.684216563,0.000299285
335289.128,1.942956349,62.61458333,188.2471892,28,10.63922684,8.654647841,0.684216563,0.000299285
383923.2419,5.43313172,62.39908154,197.9807721,31,10.63922684,8.654647841,0.684216563,0.000299285
399199.0004,12.56460648,68.95763889,135.3763503,30,10.63922684,8.654647841,0.684216563,0.000299285
484544.4672,17.91901882,74.3156362,192.3388217,31,10.63922684,8.654647841,0.684216563,0.000299285
517115.8512,22.21377315,69.30104167,225.3063657,30,10.63922684,8.654647841,0.684216563,0.000299285
564658.0419,26.66420251,66.30790771,284.5905765,31,10.63922684,8.654647841,0.684216563,0.000299285
557933.2754,23.04596774,77.16319444,219.8065636,31,10.63922684,8.654647841,0.684216563,0.000299285
505770.24,20.35770833,84.16527778,153.3049769,30,10.63922684,8.654647841,0.684216563,0.000299285
424974.4528,12.89782706,75.73711918,157.4538157,31,10.63922684,8.654647841,0.684216563,0.000299285
381254.9182,9.760949074,74.10636574,128.5277006,30,10.63922684,8.654647841,0.684216563,0.000299285
370343.4577,5.489852151,75.55857975,140.3433766,31,10.63922684,8.654647841,0.684216563,0.000299285
415774.0277,-2.113575269,70.30320341,156.7973417,31,11.32675827,11.14955334,0.545140028,0.000338729
387552.5294,1.942956349,62.61458333,188.2471892,28,11.32675827,11.14955334,0.545140028,0.000338729
444537.123,5.43313172,62.39908154,197.9807721,31,11.32675827,11.14955334,0.545140028,0.000338729
459405.4418,12.56460648,68.95763889,135.3763503,30,11.32675827,11.14955334,0.545140028,0.000338729
554070.6759,17.91901882,74.3156362,192.3388217,31,11.32675827,11.14955334,0.545140028,0.000338729
589985.0787,22.21377315,69.30104167,225.3063657,30,11.32675827,11.14955334,0.545140028,0.000338729
640351.7777,26.66420251,66.30790771,284.5905765,31,11.32675827,11.14955334,0.545140028,0.000338729
636851.3257,23.04596774,77.16319444,219.8065636,31,11.32675827,11.14955334,0.545140028,0.000338729
576456.7131,20.35770833,84.16527778,153.3049769,30,11.32675827,11.14955334,0.545140028,0.000338729
488273.6113,12.89782706,75.73711918,157.4538157,31,11.32675827,11.14955334,0.545140028,0.000338729
439485.0362,9.760949074,74.10636574,128.5277006,30,11.32675827,11.14955334,0.545140028,0.000338729
427850.8751,5.489852151,75.55857975,140.3433766,31,11.32675827,11.14955334,0.545140028,0.000338729
405612.01,-2.113575269,70.30320341,156.7973417,31,12.72038081,9.821096155,0.647748262,0.000292944
378898.3088,1.942956349,62.61458333,188.2471892,28,12.72038081,9.821096155,0.647748262,0.000292944
435073.4046,5.43313172,62.39908154,197.9807721,31,12.72038081,9.821096155,0.647748262,0.000292944
449484.1925,12.56460648,68.95763889,135.3763503,30,12.72038081,9.821096155,0.647748262,0.000292944
542967.9034,17.91901882,74.3156362,192.3388217,31,12.72038081,9.821096155,0.647748262,0.000292944
577674.8915,22.21377315,69.30104167,225.3063657,30,12.72038081,9.821096155,0.647748262,0.000292944
626350.9619,26.66420251,66.30790771,284.5905765,31,12.72038081,9.821096155,0.647748262,0.000292944
623098.9261,23.04596774,77.16319444,219.8065636,31,12.72038081,9.821096155,0.647748262,0.000292944
564494.4981,20.35770833,84.16527778,153.3049769,30,12.72038081,9.821096155,0.647748262,0.000292944
477463.5317,12.89782706,75.73711918,157.4538157,31,12.72038081,9.821096155,0.647748262,0.000292944
429555.7348,9.760949074,74.10636574,128.5277006,30,12.72038081,9.821096155,0.647748262,0.000292944
418053.7887,5.489852151,75.55857975,140.3433766,31,12.72038081,9.821096155,0.647748262,0.000292944
455893.7684,-2.113575269,70.30320341,156.7973417,31,12.47164012,12.67563837,0.562235004,0.000313448
425849.459,1.942956349,62.61458333,188.2471892,28,12.47164012,12.67563837,0.562235004,0.000313448
489385.3866,5.43313172,62.39908154,197.9807721,31,12.47164012,12.67563837,0.562235004,0.000313448
503838.8429,12.56460648,68.95763889,135.3763503,30,12.47164012,12.67563837,0.562235004,0.000313448
605906.763,17.91901882,74.3156362,192.3388217,31,12.47164012,12.67563837,0.562235004,0.000313448
644179.2062,22.21377315,69.30104167,225.3063657,30,12.47164012,12.67563837,0.562235004,0.000313448
697777.4422,26.66420251,66.30790771,284.5905765,31,12.47164012,12.67563837,0.562235004,0.000313448
695444.5396,23.04596774,77.16319444,219.8065636,31,12.47164012,12.67563837,0.562235004,0.000313448
628594.9407,20.35770833,84.16527778,153.3049769,30,12.47164012,12.67563837,0.562235004,0.000313448
534919.1295,12.89782706,75.73711918,157.4538157,31,12.47164012,12.67563837,0.562235004,0.000313448
482133.3996,9.760949074,74.10636574,128.5277006,30,12.47164012,12.67563837,0.562235004,0.000313448
469757.9536,5.489852151,75.55857975,140.3433766,31,12.47164012,12.67563837,0.562235004,0.000313448
462037.5807,-2.113575269,70.30320341,156.7973417,31,12.79341012,12.83418161,0.582602866,0.00031943
431671.2724,1.942956349,62.61458333,188.2471892,28,12.79341012,12.83418161,0.582602866,0.00031943
496261.7306,5.43313172,62.39908154,197.9807721,31,12.79341012,12.83418161,0.582602866,0.00031943
510433.5275,12.56460648,68.95763889,135.3763503,30,12.79341012,12.83418161,0.582602866,0.00031943
613614.2149,17.91901882,74.3156362,192.3388217,31,12.79341012,12.83418161,0.582602866,0.00031943
652388.3497,22.21377315,69.30104167,225.3063657,30,12.79341012,12.83418161,0.582602866,0.00031943
706412.4245,26.66420251,66.30790771,284.5905765,31,12.79341012,12.83418161,0.582602866,0.00031943
703979.3848,23.04596774,77.16319444,219.8065636,31,12.79341012,12.83418161,0.582602866,0.00031943
636226.3858,20.35770833,84.16527778,153.3049769,30,12.79341012,12.83418161,0.582602866,0.00031943
541671.1688,12.89782706,75.73711918,157.4538157,31,12.79341012,12.83418161,0.582602866,0.00031943
488519.9732,9.760949074,74.10636574,128.5277006,30,12.79341012,12.83418161,0.582602866,0.00031943
476092.96,5.489852151,75.55857975,140.3433766,31,12.79341012,12.83418161,0.582602866,0.00031943
364337.2045,-2.113575269,70.30320341,156.7973417,31,9.014288409,9.934934094,0.599777205,0.000254354
339448.507,1.942956349,62.61458333,188.2471892,28,9.014288409,9.934934094,0.599777205,0.000254354
388360.9261,5.43313172,62.39908154,197.9807721,31,9.014288409,9.934934094,0.599777205,0.000254354
404018.381,12.56460648,68.95763889,135.3763503,30,9.014288409,9.934934094,0.599777205,0.000254354
490271.5512,17.91901882,74.3156362,192.3388217,31,9.014288409,9.934934094,0.599777205,0.000254354
522617.1784,22.21377315,69.30104167,225.3063657,30,9.014288409,9.934934094,0.599777205,0.000254354
571893.6386,26.66420251,66.30790771,284.5905765,31,9.014288409,9.934934094,0.599777205,0.000254354
563615.0668,23.04596774,77.16319444,219.8065636,31,9.014288409,9.934934094,0.599777205,0.000254354
511457.5687,20.35770833,84.16527778,153.3049769,30,9.014288409,9.934934094,0.599777205,0.000254354
430452.0467,12.89782706,75.73711918,157.4538157,31,9.014288409,9.934934094,0.599777205,0.000254354
386505.4475,9.760949074,74.10636574,128.5277006,30,9.014288409,9.934934094,0.599777205,0.000254354
375590.8309,5.489852151,75.55857975,140.3433766,31,9.014288409,9.934934094,0.599777205,0.000254354
435579.0905,-2.113575269,70.30320341,156.7973417,31,11.12303717,12.45233722,0.591998004,0.000361822
406074.872,1.942956349,62.61458333,188.2471892,28,11.12303717,12.45233722,0.591998004,0.000361822
465838.3802,5.43313172,62.39908154,197.9807721,31,11.12303717,12.45233722,0.591998004,0.000361822
480415.5899,12.56460648,68.95763889,135.3763503,30,11.12303717,12.45233722,0.591998004,0.000361822
578234.892,17.91901882,74.3156362,192.3388217,31,11.12303717,12.45233722,0.591998004,0.000361822
614695.0019,22.21377315,69.30104167,225.3063657,30,11.12303717,12.45233722,0.591998004,0.000361822
668202.0077,26.66420251,66.30790771,284.5905765,31,11.12303717,12.45233722,0.591998004,0.000361822
663826.4338,23.04596774,77.16319444,219.8065636,31,11.12303717,12.45233722,0.591998004,0.000361822
600993.0257,20.35770833,84.16527778,153.3049769,30,11.12303717,12.45233722,0.591998004,0.000361822
509886.7661,12.89782706,75.73711918,157.4538157,31,11.12303717,12.45233722,0.591998004,0.000361822
459704.8421,9.760949074,74.10636574,128.5277006,30,11.12303717,12.45233722,0.591998004,0.000361822
448115.1036,5.489852151,75.55857975,140.3433766,31,11.12303717,12.45233722,0.591998004,0.000361822
396934.4959,-2.113575269,70.30320341,156.7973417,31,10.81418194,10.3585581,0.501932951,0.000355983
369799.1732,1.942956349,62.61458333,188.2471892,28,10.81418194,10.3585581,0.501932951,0.000355983
423532.6783,5.43313172,62.39908154,197.9807721,31,10.81418194,10.3585581,0.501932951,0.000355983
439151.7731,12.56460648,68.95763889,135.3763503,30,10.81418194,10.3585581,0.501932951,0.000355983
531674.0072,17.91901882,74.3156362,192.3388217,31,10.81418194,10.3585581,0.501932951,0.000355983
566451.8858,22.21377315,69.30104167,225.3063657,30,10.81418194,10.3585581,0.501932951,0.000355983
617127.8608,26.66420251,66.30790771,284.5905765,31,10.81418194,10.3585581,0.501932951,0.000355983
610905.3146,23.04596774,77.16319444,219.8065636,31,10.81418194,10.3585581,0.501932951,0.000355983
553580.8309,20.35770833,84.16527778,153.3049769,30,10.81418194,10.3585581,0.501932951,0.000355983
467370.8471,12.89782706,75.73711918,157.4538157,31,10.81418194,10.3585581,0.501932951,0.000355983
419936.5985,9.760949074,74.10636574,128.5277006,30,10.81418194,10.3585581,0.501932951,0.000355983
408287.5763,5.489852151,75.55857975,140.3433766,31,10.81418194,10.3585581,0.501932951,0.000355983
364274.9753,-2.113575269,70.30320341,156.7973417,31,8.882638934,10.12376607,0.710678735,0.000297848
339438.6153,1.942956349,62.61458333,188.2471892,28,8.882638934,10.12376607,0.710678735,0.000297848
388207.508,5.43313172,62.39908154,197.9807721,31,8.882638934,10.12376607,0.710678735,0.000297848
403593.9074,12.56460648,68.95763889,135.3763503,30,8.882638934,10.12376607,0.710678735,0.000297848
488895.8295,17.91901882,74.3156362,192.3388217,31,8.882638934,10.12376607,0.710678735,0.000297848
521122.6072,22.21377315,69.30104167,225.3063657,30,8.882638934,10.12376607,0.710678735,0.000297848
570060.3079,26.66420251,66.30790771,284.5905765,31,8.882638934,10.12376607,0.710678735,0.000297848
561956.8405,23.04596774,77.16319444,219.8065636,31,8.882638934,10.12376607,0.710678735,0.000297848
510144.3991,20.35770833,84.16527778,153.3049769,30,8.882638934,10.12376607,0.710678735,0.000297848
429459.2831,12.89782706,75.73711918,157.4538157,31,8.882638934,10.12376607,0.710678735,0.000297848
386180.1514,9.760949074,74.10636574,128.5277006,30,8.882638934,10.12376607,0.710678735,0.000297848
375395.1189,5.489852151,75.55857975,140.3433766,31,8.882638934,10.12376607,0.710678735,0.000297848
389344.1449,-2.113575269,70.30320341,156.7973417,31,12.3141652,9.252647332,0.722335757,0.000329563
363673.4825,1.942956349,62.61458333,188.2471892,28,12.3141652,9.252647332,0.722335757,0.000329563
417263.5248,5.43313172,62.39908154,197.9807721,31,12.3141652,9.252647332,0.722335757,0.000329563
431686.7347,12.56460648,68.95763889,135.3763503,30,12.3141652,9.252647332,0.722335757,0.000329563
521976.4819,17.91901882,74.3156362,192.3388217,31,12.3141652,9.252647332,0.722335757,0.000329563
555772.5747,22.21377315,69.30104167,225.3063657,30,12.3141652,9.252647332,0.722335757,0.000329563
603871.6914,26.66420251,66.30790771,284.5905765,31,12.3141652,9.252647332,0.722335757,0.000329563
599468.4852,23.04596774,77.16319444,219.8065636,31,12.3141652,9.252647332,0.722335757,0.000329563
543144.3322,20.35770833,84.16527778,153.3049769,30,12.3141652,9.252647332,0.722335757,0.000329563
458696.4875,12.89782706,75.73711918,157.4538157,31,12.3141652,9.252647332,0.722335757,0.000329563
412370.0356,9.760949074,74.10636574,128.5277006,30,12.3141652,9.252647332,0.722335757,0.000329563
401263.6971,5.489852151,75.55857975,140.3433766,31,12.3141652,9.252647332,0.722335757,0.000329563
349918.2869,-2.113575269,70.30320341,156.7973417,31,9.207206488,9.060187172,0.669694699,0.000347892
326240.9442,1.942956349,62.61458333,188.2471892,28,9.207206488,9.060187172,0.669694699,0.000347892
372735.2066,5.43313172,62.39908154,197.9807721,31,9.207206488,9.060187172,0.669694699,0.000347892
388260.3941,12.56460648,68.95763889,135.3763503,30,9.207206488,9.060187172,0.669694699,0.000347892
471575.3414,17.91901882,74.3156362,192.3388217,31,9.207206488,9.060187172,0.669694699,0.000347892
503290.0374,22.21377315,69.30104167,225.3063657,30,9.207206488,9.060187172,0.669694699,0.000347892
551678.475,26.66420251,66.30790771,284.5905765,31,9.207206488,9.060187172,0.669694699,0.000347892
543050.6486,23.04596774,77.16319444,219.8065636,31,9.207206488,9.060187172,0.669694699,0.000347892
492682.0554,20.35770833,84.16527778,153.3049769,30,9.207206488,9.060187172,0.669694699,0.000347892
413601.3513,12.89782706,75.73711918,157.4538157,31,9.207206488,9.060187172,0.669694699,0.000347892
371114.5074,9.760949074,74.10636574,128.5277006,30,9.207206488,9.060187172,0.669694699,0.000347892
360450.8474,5.489852151,75.55857975,140.3433766,31,9.207206488,9.060187172,0.669694699,0.000347892
406527.9516,-2.113575269,70.30320341,156.7973417,31,11.90624968,10.19014431,0.513558767,0.000344777
378936.3103,1.942956349,62.61458333,188.2471892,28,11.90624968,10.19014431,0.513558767,0.000344777
434718.4653,5.43313172,62.39908154,197.9807721,31,11.90624968,10.19014431,0.513558767,0.000344777
450068.6524,12.56460648,68.95763889,135.3763503,30,11.90624968,10.19014431,0.513558767,0.000344777
544417.6388,17.91901882,74.3156362,192.3388217,31,11.90624968,10.19014431,0.513558767,0.000344777
579887.561,22.21377315,69.30104167,225.3063657,30,11.90624968,10.19014431,0.513558767,0.000344777
630128.9295,26.66420251,66.30790771,284.5905765,31,11.90624968,10.19014431,0.513558767,0.000344777
625578.1499,23.04596774,77.16319444,219.8065636,31,11.90624968,10.19014431,0.513558767,0.000344777
566425.0085,20.35770833,84.16527778,153.3049769,30,11.90624968,10.19014431,0.513558767,0.000344777
478674.5628,12.89782706,75.73711918,157.4538157,31,11.90624968,10.19014431,0.513558767,0.000344777
430286.7897,9.760949074,74.10636574,128.5277006,30,11.90624968,10.19014431,0.513558767,0.000344777
418353.8514,5.489852151,75.55857975,140.3433766,31,11.90624968,10.19014431,0.513558767,0.000344777
392134.7976,-2.113575269,70.30320341,156.7973417,31,9.379096911,11.25121385,0.631934735,0.0003342
365284.1047,1.942956349,62.61458333,188.2471892,28,9.379096911,11.25121385,0.631934735,0.0003342
418105.6096,5.43313172,62.39908154,197.9807721,31,9.379096911,11.25121385,0.631934735,0.0003342
433363.3913,12.56460648,68.95763889,135.3763503,30,9.379096911,11.25121385,0.631934735,0.0003342
523654.163,17.91901882,74.3156362,192.3388217,31,9.379096911,11.25121385,0.631934735,0.0003342
557328.6676,22.21377315,69.30104167,225.3063657,30,9.379096911,11.25121385,0.631934735,0.0003342
608521.6539,26.66420251,66.30790771,284.5905765,31,9.379096911,11.25121385,0.631934735,0.0003342
601570.09,23.04596774,77.16319444,219.8065636,31,9.379096911,11.25121385,0.631934735,0.0003342
545113.413,20.35770833,84.16527778,153.3049769,30,9.379096911,11.25121385,0.631934735,0.0003342
460746.8653,12.89782706,75.73711918,157.4538157,31,9.379096911,11.25121385,0.631934735,0.0003342
414531.6354,9.760949074,74.10636574,128.5277006,30,9.379096911,11.25121385,0.631934735,0.0003342
403691.011,5.489852151,75.55857975,140.3433766,31,9.379096911,11.25121385,0.631934735,0.0003342
