Electricity:Facility,Site Outdoor Air Drybulb Temperature,Site Outdoor Air Relative Humidity,Site Direct Solar Radiation Rate per Area,days,tc1,tc2,tc3,tc4,tc5
427471.2176,-2.113575269,70.30320341,156.7973417,31,12.01111153,11.55917601,0.699749819,0.000323983,5.775742709
399112.5333,1.942956349,62.61458333,188.2471892,28,12.01111153,11.55917601,0.699749819,0.000323983,5.775742709
458099.047,5.43313172,62.39908154,197.9807721,31,12.01111153,11.55917601,0.699749819,0.000323983,5.775742709
470785.8897,12.56460648,68.95763889,135.3763503,30,12.01111153,11.55917601,0.699749819,0.000323983,5.775742709
564492.4587,17.91901882,74.3156362,192.3388217,31,12.01111153,11.55917601,0.699749819,0.000323983,5.775742709
599265.1779,22.21377315,69.30104167,225.3063657,30,12.01111153,11.55917601,0.699749819,0.000323983,5.775742709
647500.1641,26.66420251,66.30790771,284.5905765,31,12.01111153,11.55917601,0.699749819,0.000323983,5.775742709
645548.6568,23.04596774,77.16319444,219.8065636,31,12.01111153,11.55917601,0.699749819,0.000323983,5.775742709
585333.1255,20.35770833,84.16527778,153.3049769,30,12.01111153,11.55917601,0.699749819,0.000323983,5.775742709
499457.1993,12.89782706,75.73711918,157.4538157,31,12.01111153,11.55917601,0.699749819,0.000323983,5.775742709
451083.2231,9.760949074,74.10636574,128.5277006,30,12.01111153,11.55917601,0.699749819,0.000323983,5.775742709
440060.972,5.489852151,75.55857975,140.3433766,31,12.01111153,11.55917601,0.699749819,0.000323983,5.775742709
402126.5821,-2.113575269,70.30320341,156.7973417,31,12.75270681,9.662575978,0.704025992,0.000305909,6.192374021
375423.8543,1.942956349,62.61458333,188.2471892,28,12.75270681,9.662575978,0.704025992,0.000305909,6.192374021
431089.767,5.43313172,62.39908154,197.9807721,31,12.75270681,9.662575978,0.704025992,0.000305909,6.192374021
442066.5726,12.56460648,68.95763889,135.3763503,30,12.75270681,9.662575978,0.704025992,0.000305909,6.192374021
529591.2242,17.91901882,74.3156362,192.3388217,31,12.75270681,9.662575978,0.704025992,0.000305909,6.192374021
560704.0053,22.21377315,69.30104167,225.3063657,30,12.75270681,9.662575978,0.704025992,0.000305909,6.192374021
603555.305,26.66420251,66.30790771,284.5905765,31,12.75270681,9.662575978,0.704025992,0.000305909,6.192374021
602748.0489,23.04596774,77.16319444,219.8065636,31,12.75270681,9.662575978,0.704025992,0.000305909,6.192374021
547035.0369,20.35770833,84.16527778,153.3049769,30,12.75270681,9.662575978,0.704025992,0.000305909,6.192374021
469437.7486,12.89782706,75.73711918,157.4538157,31,12.75270681,9.662575978,0.704025992,0.000305909,6.192374021
424164.7833,9.760949074,74.10636574,128.5277006,30,12.75270681,9.662575978,0.704025992,0.000305909,6.192374021
413840.8103,5.489852151,75.55857975,140.3433766,31,12.75270681,9.662575978,0.704025992,0.000305909,6.192374021
380577.8639,-2.113575269,70.30320341,156.7973417,31,9.567166797,10.53488365,0.671941595,0.000313655,6.574775984
354351.8535,1.942956349,62.61458333,188.2471892,28,9.567166797,10.53488365,0.671941595,0.000313655,6.574775984
405568.4352,5.43313172,62.39908154,197.9807721,31,9.567166797,10.53488365,0.671941595,0.000313655,6.574775984
416113.4187,12.56460648,68.95763889,135.3763503,30,9.567166797,10.53488365,0.671941595,0.000313655,6.574775984
497235.902,17.91901882,74.3156362,192.3388217,31,9.567166797,10.53488365,0.671941595,0.000313655,6.574775984
525342.8549,22.21377315,69.30104167,225.3063657,30,9.567166797,10.53488365,0.671941595,0.000313655,6.574775984
567238.9761,26.66420251,66.30790771,284.5905765,31,9.567166797,10.53488365,0.671941595,0.000313655,6.574775984
564187.3787,23.04596774,77.16319444,219.8065636,31,9.567166797,10.53488365,0.671941595,0.000313655,6.574775984
513002.0619,20.35770833,84.16527778,153.3049769,30,9.567166797,10.53488365,0.671941595,0.000313655,6.574775984
442588.5255,12.89782706,75.73711918,157.4538157,31,9.567166797,10.53488365,0.671941595,0.000313655,6.574775984
400583.1713,9.760949074,74.10636574,128.5277006,30,9.567166797,10.53488365,0.671941595,0.000313655,6.574775984
391125.9462,5.489852151,75.55857975,140.3433766,31,9.567166797,10.53488365,0.671941595,0.000313655,6.574775984
415685.9854,-2.113575269,70.30320341,156.7973417,31,9.867627447,12.29118775,0.681819911,0.000350905,4.939264195
387770.6608,1.942956349,62.61458333,188.2471892,28,9.867627447,12.29118775,0.681819911,0.000350905,4.939264195
444252.2049,5.43313172,62.39908154,197.9807721,31,9.867627447,12.29118775,0.681819911,0.000350905,4.939264195
462392.7369,12.56460648,68.95763889,135.3763503,30,9.867627447,12.29118775,0.681819911,0.000350905,4.939264195
561610.0878,17.91901882,74.3156362,192.3388217,31,9.867627447,12.29118775,0.681819911,0.000350905,4.939264195
600688.2772,22.21377315,69.30104167,225.3063657,30,9.867627447,12.29118775,0.681819911,0.000350905,4.939264195
658630.4234,26.66420251,66.30790771,284.5905765,31,9.867627447,12.29118775,0.681819911,0.000350905,4.939264195
649603.3051,23.04596774,77.16319444,219.8065636,31,9.867627447,12.29118775,0.681819911,0.000350905,4.939264195
587810.1321,20.35770833,84.16527778,153.3049769,30,9.867627447,12.29118775,0.681819911,0.000350905,4.939264195
491106.1772,12.89782706,75.73711918,157.4538157,31,9.867627447,12.29118775,0.681819911,0.000350905,4.939264195
440611.9374,9.760949074,74.10636574,128.5277006,30,9.867627447,12.29118775,0.681819911,0.000350905,4.939264195
428566.6076,5.489852151,75.55857975,140.3433766,31,9.867627447,12.29118775,0.681819911,0.000350905,4.939264195
407924.0612,-2.113575269,70.30320341,156.7973417,31,10.48626145,11.37374739,0.588862274,0.000273097,6.145522707
380291.236,1.942956349,62.61458333,188.2471892,28,10.48626145,11.37374739,0.588862274,0.000273097,6.145522707
436024.7128,5.43313172,62.39908154,197.9807721,31,10.48626145,11.37374739,0.588862274,0.000273097,6.145522707
447754.5242,12.56460648,68.95763889,135.3763503,30,10.48626145,11.37374739,0.588862274,0.000273097,6.145522707
536272.4792,17.91901882,74.3156362,192.3388217,31,10.48626145,11.37374739,0.588862274,0.000273097,6.145522707
567302.9765,22.21377315,69.30104167,225.3063657,30,10.48626145,11.37374739,0.588862274,0.000273097,6.145522707
613480.0866,26.66420251,66.30790771,284.5905765,31,10.48626145,11.37374739,0.588862274,0.000273097,6.145522707
611218.3948,23.04596774,77.16319444,219.8065636,31,10.48626145,11.37374739,0.588862274,0.000273097,6.145522707
554762.0906,20.35770833,84.16527778,153.3049769,30,10.48626145,11.37374739,0.588862274,0.000273097,6.145522707
476155.4531,12.89782706,75.73711918,157.4538157,31,10.48626145,11.37374739,0.588862274,0.000273097,6.145522707
430193.5165,9.760949074,74.10636574,128.5277006,30,10.48626145,11.37374739,0.588862274,0.000273097,6.145522707
419878.0073,5.489852151,75.55857975,140.3433766,31,10.48626145,11.37374739,0.588862274,0.000273097,6.145522707
365943.4258,-2.113575269,70.30320341,156.7973417,31,10.78406577,8.689839361,0.512575428,0.000330534,5.282826425
341215.5071,1.942956349,62.61458333,188.2471892,28,10.78406577,8.689839361,0.512575428,0.000330534,5.282826425
390614.3498,5.43313172,62.39908154,197.9807721,31,10.78406577,8.689839361,0.512575428,0.000330534,5.282826425
407524.773,12.56460648,68.95763889,135.3763503,30,10.78406577,8.689839361,0.512575428,0.000330534,5.282826425
496697.3601,17.91901882,74.3156362,192.3388217,31,10.78406577,8.689839361,0.512575428,0.000330534,5.282826425
531240.9269,22.21377315,69.30104167,225.3063657,30,10.78406577,8.689839361,0.512575428,0.000330534,5.282826425
581405.3303,26.66420251,66.30790771,284.5905765,31,10.78406577,8.689839361,0.512575428,0.000330534,5.282826425
573798.7978,23.04596774,77.16319444,219.8065636,31,10.78406577,8.689839361,0.512575428,0.000330534,5.282826425
519873.0604,20.35770833,84.16527778,153.3049769,30,10.78406577,8.689839361,0.512575428,0.000330534,5.282826425
434134.7291,12.89782706,75.73711918,157.4538157,31,10.78406577,8.689839361,0.512575428,0.000330534,5.282826425
388682.6546,9.760949074,74.10636574,128.5277006,30,10.78406577,8.689839361,0.512575428,0.000330534,5.282826425
376884.8499,5.489852151,75.55857975,140.3433766,31,10.78406577,8.689839361,0.512575428,0.000330534,5.282826425
352464.2982,-2.113575269,70.30320341,156.7973417,31,9.311464896,9.147976452,0.661123424,0.000251494,5.889049414
328465.1531,1.942956349,62.61458333,188.2471892,28,9.311464896,9.147976452,0.661123424,0.000251494,5.889049414
375809.6871,5.43313172,62.39908154,197.9807721,31,9.311464896,9.147976452,0.661123424,0.000251494,5.889049414
389530.838,12.56460648,68.95763889,135.3763503,30,9.311464896,9.147976452,0.661123424,0.000251494,5.889049414
471015.3201,17.91901882,74.3156362,192.3388217,31,9.311464896,9.147976452,0.661123424,0.000251494,5.889049414
500647.1515,22.21377315,69.30104167,225.3063657,30,9.311464896,9.147976452,0.661123424,0.000251494,5.889049414
545291.5608,26.66420251,66.30790771,284.5905765,31,9.311464896,9.147976452,0.661123424,0.000251494,5.889049414
539215.2232,23.04596774,77.16319444,219.8065636,31,9.311464896,9.147976452,0.661123424,0.000251494,5.889049414
489733.824,20.35770833,84.16527778,153.3049769,30,9.311464896,9.147976452,0.661123424,0.000251494,5.889049414
414990.0632,12.89782706,75.73711918,157.4538157,31,9.311464896,9.147976452,0.661123424,0.000251494,5.889049414
373503.7709,9.760949074,74.10636574,128.5277006,30,9.311464896,9.147976452,0.661123424,0.000251494,5.889049414
363182.9231,5.489852151,75.55857975,140.3433766,31,9.311464896,9.147976452,0.661123424,0.000251494,5.889049414
395351.8278,-2.113575269,70.30320341,156.7973417,31,11.03228302,10.33812753,0.636787419,0.000342156,5.968683408
368457.8749,1.942956349,62.61458333,188.2471892,28,11.03228302,10.33812753,0.636787419,0.000342156,5.968683408
422397.4017,5.43313172,62.39908154,197.9807721,31,11.03228302,10.33812753,0.636787419,0.000342156,5.968683408
435174.9407,12.56460648,68.95763889,135.3763503,30,11.03228302,10.33812753,0.636787419,0.000342156,5.968683408
522930.813,17.91901882,74.3156362,192.3388217,31,11.03228302,10.33812753,0.636787419,0.000342156,5.968683408
554776.9471,22.21377315,69.30104167,225.3063657,30,11.03228302,10.33812753,0.636787419,0.000342156,5.968683408
600845.6558,26.66420251,66.30790771,284.5905765,31,11.03228302,10.33812753,0.636787419,0.000342156,5.968683408
597126.2012,23.04596774,77.16319444,219.8065636,31,11.03228302,10.33812753,0.636787419,0.000342156,5.968683408
541577.0622,20.35770833,84.16527778,153.3049769,30,11.03228302,10.33812753,0.636787419,0.000342156,5.968683408
462426.1941,12.89782706,75.73711918,157.4538157,31,11.03228302,10.33812753,0.636787419,0.000342156,5.968683408
417302.0513,9.760949074,74.10636574,128.5277006,30,11.03228302,10.33812753,0.636787419,0.000342156,5.968683408
406716.1414,5.489852151,75.55857975,140.3433766,31,11.03228302,10.33812753,0.636787419,0.000342156,5.968683408
396125.5377,-2.113575269,70.30320341,156.7973417,31,10.29475732,10.86772889,0.629103574,0.000319762,6.047655384
369041.0403,1.942956349,62.61458333,188.2471892,28,10.29475732,10.86772889,0.629103574,0.000319762,6.047655384
422827.404,5.43313172,62.39908154,197.9807721,31,10.29475732,10.86772889,0.629103574,0.000319762,6.047655384
435301.2796,12.56460648,68.95763889,135.3763503,30,10.29475732,10.86772889,0.629103574,0.000319762,6.047655384
522406.2277,17.91901882,74.3156362,192.3388217,31,10.29475732,10.86772889,0.629103574,0.000319762,6.047655384
553711.6944,22.21377315,69.30104167,225.3063657,30,10.29475732,10.86772889,0.629103574,0.000319762,6.047655384
600170.5144,26.66420251,66.30790771,284.5905765,31,10.29475732,10.86772889,0.629103574,0.000319762,6.047655384
596156.4624,23.04596774,77.16319444,219.8065636,31,10.29475732,10.86772889,0.629103574,0.000319762,6.047655384
540907.0622,20.35770833,84.16527778,153.3049769,30,10.29475732,10.86772889,0.629103574,0.000319762,6.047655384
462783.0872,12.89782706,75.73711918,157.4538157,31,10.29475732,10.86772889,0.629103574,0.000319762,6.047655384
417701.1941,9.760949074,74.10636574,128.5277006,30,10.29475732,10.86772889,0.629103574,0.000319762,6.047655384
407477.9354,5.489852151,75.55857975,140.3433766,31,10.29475732,10.86772889,0.629103574,0.000319762,6.047655384
408012.5898,-2.113575269,70.30320341,156.7973417,31,9.378908261,12.00014495,0.541456244,0.00034793,5.429335792
379819.6324,1.942956349,62.61458333,188.2471892,28,9.378908261,12.00014495,0.541456244,0.00034793,5.429335792
434865.3006,5.43313172,62.39908154,197.9807721,31,9.378908261,12.00014495,0.541456244,0.00034793,5.429335792
450759.6241,12.56460648,68.95763889,135.3763503,30,9.378908261,12.00014495,0.541456244,0.00034793,5.429335792
544685.4014,17.91901882,74.3156362,192.3388217,31,9.378908261,12.00014495,0.541456244,0.00034793,5.429335792
580115.6279,22.21377315,69.30104167,225.3063657,30,9.378908261,12.00014495,0.541456244,0.00034793,5.429335792
633101.9685,26.66420251,66.30790771,284.5905765,31,9.378908261,12.00014495,0.541456244,0.00034793,5.429335792
626403.6448,23.04596774,77.16319444,219.8065636,31,9.378908261,12.00014495,0.541456244,0.00034793,5.429335792
567819.4955,20.35770833,84.16527778,153.3049769,30,9.378908261,12.00014495,0.541456244,0.00034793,5.429335792
479213.4583,12.89782706,75.73711918,157.4538157,31,9.378908261,12.00014495,0.541456244,0.00034793,5.429335792
431202.2043,9.760949074,74.10636574,128.5277006,30,9.378908261,12.00014495,0.541456244,0.00034793,5.429335792
419765.8977,5.489852151,75.55857975,140.3433766,31,9.378908261,12.00014495,0.541456244,0.00034793,5.429335792
376260.354,-2.113575269,70.30320341,156.7973417,31,9.009792872,10.66750742,0.645268366,0.000245146,4.523409333
351465.823,1.942956349,62.61458333,188.2471892,28,9.009792872,10.66750742,0.645268366,0.000245146,4.523409333
402174.6983,5.43313172,62.39908154,197.9807721,31,9.009792872,10.66750742,0.645268366,0.000245146,4.523409333
423738.3992,12.56460648,68.95763889,135.3763503,30,9.009792872,10.66750742,0.645268366,0.000245146,4.523409333
521132.3954,17.91901882,74.3156362,192.3388217,31,9.009792872,10.66750742,0.645268366,0.000245146,4.523409333
560641.7914,22.21377315,69.30104167,225.3063657,30,9.009792872,10.66750742,0.645268366,0.000245146,4.523409333
619873.6128,26.66420251,66.30790771,284.5905765,31,9.009792872,10.66750742,0.645268366,0.000245146,4.523409333
607647.1584,23.04596774,77.16319444,219.8065636,31,9.009792872,10.66750742,0.645268366,0.000245146,4.523409333
549790.8361,20.35770833,84.16527778,153.3049769,30,9.009792872,10.66750742,0.645268366,0.000245146,4.523409333
451002.0471,12.89782706,75.73711918,157.4538157,31,9.009792872,10.66750742,0.645268366,0.000245146,4.523409333
402072.9321,9.760949074,74.10636574,128.5277006,30,9.009792872,10.66750742,0.645268366,0.000245146,4.523409333
389269.8505,5.489852151,75.55857975,140.3433766,31,9.009792872,10.66750742,0.645268366,0.000245146,4.523409333
411578.0819,-2.113575269,70.30320341,156.7973417,31,8.642318514,12.90544078,0.665164155,0.000264161,4.790560457
384449.9293,1.942956349,62.61458333,188.2471892,28,8.642318514,12.90544078,0.665164155,0.000264161,4.790560457
440097.8776,5.43313172,62.39908154,197.9807721,31,8.642318514,12.90544078,0.665164155,0.000264161,4.790560457
459610.2212,12.56460648,68.95763889,135.3763503,30,8.642318514,12.90544078,0.665164155,0.000264161,4.790560457
559901.7172,17.91901882,74.3156362,192.3388217,31,8.642318514,12.90544078,0.665164155,0.000264161,4.790560457
599161.1119,22.21377315,69.30104167,225.3063657,30,8.642318514,12.90544078,0.665164155,0.000264161,4.790560457
659595.3403,26.66420251,66.30790771,284.5905765,31,8.642318514,12.90544078,0.665164155,0.000264161,4.790560457
648911.8133,23.04596774,77.16319444,219.8065636,31,8.642318514,12.90544078,0.665164155,0.000264161,4.790560457
586588.1061,20.35770833,84.16527778,153.3049769,30,8.642318514,12.90544078,0.665164155,0.000264161,4.790560457
488546.9197,12.89782706,75.73711918,157.4538157,31,8.642318514,12.90544078,0.665164155,0.000264161,4.790560457
437667.6176,9.760949074,74.10636574,128.5277006,30,8.642318514,12.90544078,0.665164155,0.000264161,4.790560457
425286.059,5.489852151,75.55857975,140.3433766,31,8.642318514,12.90544078,0.665164155,0.000264161,4.790560457
374716.9011,-2.113575269,70.30320341,156.7973417,31,11.48093354,8.924971163,0.651049789,0.000293625,4.892593197
350011.4458,1.942956349,62.61458333,188.2471892,28,11.48093354,8.924971163,0.651049789,0.000293625,4.892593197
401430.3722,5.43313172,62.39908154,197.9807721,31,11.48093354,8.924971163,0.651049789,0.000293625,4.892593197
420086.7032,12.56460648,68.95763889,135.3763503,30,11.48093354,8.924971163,0.651049789,0.000293625,4.892593197
513860.528,17.91901882,74.3156362,192.3388217,31,11.48093354,8.924971163,0.651049789,0.000293625,4.892593197
551089.9631,22.21377315,69.30104167,225.3063657,30,11.48093354,8.924971163,0.651049789,0.000293625,4.892593197
604313.8873,26.66420251,66.30790771,284.5905765,31,11.48093354,8.924971163,0.651049789,0.000293625,4.892593197
596162.6625,23.04596774,77.16319444,219.8065636,31,11.48093354,8.924971163,0.651049789,0.000293625,4.892593197
539461.892,20.35770833,84.16527778,153.3049769,30,11.48093354,8.924971163,0.651049789,0.000293625,4.892593197
446954.6295,12.89782706,75.73711918,157.4538157,31,11.48093354,8.924971163,0.651049789,0.000293625,4.892593197
399352.9842,9.760949074,74.10636574,128.5277006,30,11.48093354,8.924971163,0.651049789,0.000293625,4.892593197
387035.4862,5.489852151,75.55857975,140.3433766,31,11.48093354,8.924971163,0.651049789,0.000293625,4.892593197
406807.7665,-2.113575269,70.30320341,156.7973417,31,12.33416652,10.01643472,0.552542541,0.000284684,5.130415646
379869.9857,1.942956349,62.61458333,188.2471892,28,12.33416652,10.01643472,0.552542541,0.000284684,5.130415646
436192.359,5.43313172,62.39908154,197.9807721,31,12.33416652,10.01643472,0.552542541,0.000284684,5.130415646
453118.8121,12.56460648,68.95763889,135.3763503,30,12.33416652,10.01643472,0.552542541,0.000284684,5.130415646
550596.1135,17.91901882,74.3156362,192.3388217,31,12.33416652,10.01643472,0.552542541,0.000284684,5.130415646
587915.4759,22.21377315,69.30104167,225.3063657,30,12.33416652,10.01643472,0.552542541,0.000284684,5.130415646
641203.2204,26.66420251,66.30790771,284.5905765,31,12.33416652,10.01643472,0.552542541,0.000284684,5.130415646
635506.149,23.04596774,77.16319444,219.8065636,31,12.33416652,10.01643472,0.552542541,0.000284684,5.130415646
575153.3774,20.35770833,84.16527778,153.3049769,30,12.33416652,10.01643472,0.552542541,0.000284684,5.130415646
481790.8365,12.89782706,75.73711918,157.4538157,31,12.33416652,10.01643472,0.552542541,0.000284684,5.130415646
432072.9966,9.760949074,74.10636574,128.5277006,30,12.33416652,10.01643472,0.552542541,0.000284684,5.130415646
419613.4289,5.489852151,75.55857975,140.3433766,31,12.33416652,10.01643472,0.552542541,0.000284684,5.130415646
360627.5589,-2.113575269,70.30320341,156.7973417,31,8.774264963,9.774086957,0.529298843,0.000286333,5.269432514
335659.6038,1.942956349,62.61458333,188.2471892,28,8.774264963,9.774086957,0.529298843,0.000286333,5.269432514
383928.21,5.43313172,62.39908154,197.9807721,31,8.774264963,9.774086957,0.529298843,0.000286333,5.269432514
401130.439,12.56460648,68.95763889,135.3763503,30,8.774264963,9.774086957,0.529298843,0.000286333,5.269432514
488736.5155,17.91901882,74.3156362,192.3388217,31,8.774264963,9.774086957,0.529298843,0.000286333,5.269432514
522543.0357,22.21377315,69.30104167,225.3063657,30,8.774264963,9.774086957,0.529298843,0.000286333,5.269432514
573950.1809,26.66420251,66.30790771,284.5905765,31,8.774264963,9.774086957,0.529298843,0.000286333,5.269432514
564421.4264,23.04596774,77.16319444,219.8065636,31,8.774264963,9.774086957,0.529298843,0.000286333,5.269432514
511919.2047,20.35770833,84.16527778,153.3049769,30,8.774264963,9.774086957,0.529298843,0.000286333,5.269432514
427589.3281,12.89782706,75.73711918,157.4538157,31,8.774264963,9.774086957,0.529298843,0.000286333,5.269432514
383112.9045,9.760949074,74.10636574,128.5277006,30,8.774264963,9.774086957,0.529298843,0.000286333,5.269432514
371616.0271,5.489852151,75.55857975,140.3433766,31,8.774264963,9.774086957,0.529298843,0.000286333,5.269432514
379324.9739,-2.113575269,70.30320341,156.7973417,31,10.18046988,10.08660015,0.687380138,0.000278262,4.454203613
354414.5337,1.942956349,62.61458333,188.2471892,28,10.18046988,10.08660015,0.687380138,0.000278262,4.454203613
405909.0604,5.43313172,62.39908154,197.9807721,31,10.18046988,10.08660015,0.687380138,0.000278262,4.454203613
427779.0421,12.56460648,68.95763889,135.3763503,30,10.18046988,10.08660015,0.687380138,0.000278262,4.454203613
526394.3405,17.91901882,74.3156362,192.3388217,31,10.18046988,10.08660015,0.687380138,0.000278262,4.454203613
567321.9533,22.21377315,69.30104167,225.3063657,30,10.18046988,10.08660015,0.687380138,0.000278262,4.454203613
627289.3934,26.66420251,66.30790771,284.5905765,31,10.18046988,10.08660015,0.687380138,0.000278262,4.454203613
614517.5884,23.04596774,77.16319444,219.8065636,31,10.18046988,10.08660015,0.687380138,0.000278262,4.454203613
555840.6321,20.35770833,84.16527778,153.3049769,30,10.18046988,10.08660015,0.687380138,0.000278262,4.454203613
454964.7181,12.89782706,75.73711918,157.4538157,31,10.18046988,10.08660015,0.687380138,0.000278262,4.454203613
405495.2438,9.760949074,74.10636574,128.5277006,30,10.18046988,10.08660015,0.687380138,0.000278262,4.454203613
392295.6152,5.489852151,75.55857975,140.3433766,31,10.18046988,10.08660015,0.687380138,0.000278262,4.454203613
378897.0075,-2.113575269,70.30320341,156.7973417,31,10.67803811,9.492351352,0.507001014,0.000267215,5.054381991
353341.9757,1.942956349,62.61458333,188.2471892,28,10.67803811,9.492351352,0.507001014,0.000267215,5.054381991
405036.5681,5.43313172,62.39908154,197.9807721,31,10.67803811,9.492351352,0.507001014,0.000267215,5.054381991
423257.0605,12.56460648,68.95763889,135.3763503,30,10.67803811,9.492351352,0.507001014,0.000267215,5.054381991
517033.8815,17.91901882,74.3156362,192.3388217,31,10.67803811,9.492351352,0.507001014,0.000267215,5.054381991
553552.0345,22.21377315,69.30104167,225.3063657,30,10.67803811,9.492351352,0.507001014,0.000267215,5.054381991
606617.4528,26.66420251,66.30790771,284.5905765,31,10.67803811,9.492351352,0.507001014,0.000267215,5.054381991
598257.5514,23.04596774,77.16319444,219.8065636,31,10.67803811,9.492351352,0.507001014,0.000267215,5.054381991
541629.4079,20.35770833,84.16527778,153.3049769,30,10.67803811,9.492351352,0.507001014,0.000267215,5.054381991
450840.0584,12.89782706,75.73711918,157.4538157,31,10.67803811,9.492351352,0.507001014,0.000267215,5.054381991
403301.7219,9.760949074,74.10636574,128.5277006,30,10.67803811,9.492351352,0.507001014,0.000267215,5.054381991
390923.6608,5.489852151,75.55857975,140.3433766,31,10.67803811,9.492351352,0.507001014,0.000267215,5.054381991
397197.7656,-2.113575269,70.30320341,156.7973417,31,9.924114369,11.12759396,0.600594954,0.000343838,4.639686036
370403.1173,1.942956349,62.61458333,188.2471892,28,9.924114369,11.12759396,0.600594954,0.000343838,4.639686036
424293.1926,5.43313172,62.39908154,197.9807721,31,9.924114369,11.12759396,0.600594954,0.000343838,4.639686036
444957.4356,12.56460648,68.95763889,135.3763503,30,9.924114369,11.12759396,0.600594954,0.000343838,4.639686036
544713.8578,17.91901882,74.3156362,192.3388217,31,9.924114369,11.12759396,0.600594954,0.000343838,4.639686036
585014.3924,22.21377315,69.30104167,225.3063657,30,9.924114369,11.12759396,0.600594954,0.000343838,4.639686036
645135.4279,26.66420251,66.30790771,284.5905765,31,9.924114369,11.12759396,0.600594954,0.000343838,4.639686036
633998.1381,23.04596774,77.16319444,219.8065636,31,9.924114369,11.12759396,0.600594954,0.000343838,4.639686036
573073.028,20.35770833,84.16527778,153.3049769,30,9.924114369,11.12759396,0.600594954,0.000343838,4.639686036
472908.829,12.89782706,75.73711918,157.4538157,31,9.924114369,11.12759396,0.600594954,0.000343838,4.639686036
422795.4144,9.760949074,74.10636574,128.5277006,30,9.924114369,11.12759396,0.600594954,0.000343838,4.639686036
409839.9682,5.489852151,75.55857975,140.3433766,31,9.924114369,11.12759396,0.600594954,0.000343838,4.639686036
363988.2964,-2.113575269,70.30320341,156.7973417,31,9.708931055,9.269800131,0.488136497,0.000277104,5.366624802
338884.0112,1.942956349,62.61458333,188.2471892,28,9.708931055,9.269800131,0.488136497,0.000277104,5.366624802
387974.2706,5.43313172,62.39908154,197.9807721,31,9.708931055,9.269800131,0.488136497,0.000277104,5.366624802
404686.5997,12.56460648,68.95763889,135.3763503,30,9.708931055,9.269800131,0.488136497,0.000277104,5.366624802
492936.6819,17.91901882,74.3156362,192.3388217,31,9.708931055,9.269800131,0.488136497,0.000277104,5.366624802
526413.8686,22.21377315,69.30104167,225.3063657,30,9.708931055,9.269800131,0.488136497,0.000277104,5.366624802
576647.3049,26.66420251,66.30790771,284.5905765,31,9.708931055,9.269800131,0.488136497,0.000277104,5.366624802
568435.5783,23.04596774,77.16319444,219.8065636,31,9.708931055,9.269800131,0.488136497,0.000277104,5.366624802
515486.9729,20.35770833,84.16527778,153.3049769,30,9.708931055,9.269800131,0.488136497,0.000277104,5.366624802
431487.3622,12.89782706,75.73711918,157.4538157,31,9.708931055,9.269800131,0.488136497,0.000277104,5.366624802
386659.5655,9.760949074,74.10636574,128.5277006,30,9.708931055,9.269800131,0.488136497,0.000277104,5.366624802
374959.2636,5.489852151,75.55857975,140.3433766,31,9.708931055,9.269800131,0.488136497,0.000277104,5.366624802
396061.623,-2.113575269,70.30320341,156.7973417,31,12.59083991,9.355807306,0.614069057,0.000247564,6.238774309
369827.805,1.942956349,62.61458333,188.2471892,28,12.59083991,9.355807306,0.614069057,0.000247564,6.238774309
424821.5439,5.43313172,62.39908154,197.9807721,31,12.59083991,9.355807306,0.614069057,0.000247564,6.238774309
435912.6004,12.56460648,68.95763889,135.3763503,30,12.59083991,9.355807306,0.614069057,0.000247564,6.238774309
522606.8262,17.91901882,74.3156362,192.3388217,31,12.59083991,9.355807306,0.614069057,0.000247564,6.238774309
553363.7786,22.21377315,69.30104167,225.3063657,30,12.59083991,9.355807306,0.614069057,0.000247564,6.238774309
595391.5712,26.66420251,66.30790771,284.5905765,31,12.59083991,9.355807306,0.614069057,0.000247564,6.238774309
594894.8662,23.04596774,77.16319444,219.8065636,31,12.59083991,9.355807306,0.614069057,0.000247564,6.238774309
539901.5517,20.35770833,84.16527778,153.3049769,30,12.59083991,9.355807306,0.614069057,0.000247564,6.238774309
463359.2776,12.89782706,75.73711918,157.4538157,31,12.59083991,9.355807306,0.614069057,0.000247564,6.238774309
418450.872,9.760949074,74.10636574,128.5277006,30,12.59083991,9.355807306,0.614069057,0.000247564,6.238774309
408017.1564,5.489852151,75.55857975,140.3433766,31,12.59083991,9.355807306,0.614069057,0.000247564,6.238774309
454489.609,-2.113575269,70.30320341,156.7973417,31,12.83936079,12.42652221,0.589547302,0.000261467,5.555858236
425140.1206,1.942956349,62.61458333,188.2471892,28,12.83936079,12.42652221,0.589547302,0.000261467,5.555858236
488849.296,5.43313172,62.39908154,197.9807721,31,12.83936079,12.42652221,0.589547302,0.000261467,5.555858236
502744.7092,12.56460648,68.95763889,135.3763503,30,12.83936079,12.42652221,0.589547302,0.000261467,5.555858236
604162.5305,17.91901882,74.3156362,192.3388217,31,12.83936079,12.42652221,0.589547302,0.000261467,5.555858236
641863.3238,22.21377315,69.30104167,225.3063657,30,12.83936079,12.42652221,0.589547302,0.000261467,5.555858236
693405.4304,26.66420251,66.30790771,284.5905765,31,12.83936079,12.42652221,0.589547302,0.000261467,5.555858236
692676.431,23.04596774,77.16319444,219.8065636,31,12.83936079,12.42652221,0.589547302,0.000261467,5.555858236
626141.4064,20.35770833,84.16527778,153.3049769,30,12.83936079,12.42652221,0.589547302,0.000261467,5.555858236
533695.0788,12.89782706,75.73711918,157.4538157,31,12.83936079,12.42652221,0.589547302,0.000261467,5.555858236
481232.4538,9.760949074,74.10636574,128.5277006,30,12.83936079,12.42652221,0.589547302,0.000261467,5.555858236
468925.7431,5.489852151,75.55857975,140.3433766,31,12.83936079,12.42652221,0.589547302,0.000261467,5.555858236
440708.8221,-2.113575269,70.30320341,156.7973417,31,11.68566341,12.52666274,0.725767526,0.000360839,5.591847414
411397.6834,1.942956349,62.61458333,188.2471892,28,11.68566341,12.52666274,0.725767526,0.000360839,5.591847414
472084.4928,5.43313172,62.39908154,197.9807721,31,11.68566341,12.52666274,0.725767526,0.000360839,5.591847414
485630.2614,12.56460648,68.95763889,135.3763503,30,11.68566341,12.52666274,0.725767526,0.000360839,5.591847414
582929.2915,17.91901882,74.3156362,192.3388217,31,11.68566341,12.52666274,0.725767526,0.000360839,5.591847414
619110.9407,22.21377315,69.30104167,225.3063657,30,11.68566341,12.52666274,0.725767526,0.000360839,5.591847414
671185.1312,26.66420251,66.30790771,284.5905765,31,11.68566341,12.52666274,0.725767526,0.000360839,5.591847414
667385.6484,23.04596774,77.16319444,219.8065636,31,11.68566341,12.52666274,0.725767526,0.000360839,5.591847414
604509.8253,20.35770833,84.16527778,153.3049769,30,11.68566341,12.52666274,0.725767526,0.000360839,5.591847414
514771.9222,12.89782706,75.73711918,157.4538157,31,11.68566341,12.52666274,0.725767526,0.000360839,5.591847414
464840.1945,9.760949074,74.10636574,128.5277006,30,11.68566341,12.52666274,0.725767526,0.000360839,5.591847414
453619.1591,5.489852151,75.55857975,140.3433766,31,11.68566341,12.52666274,0.725767526,0.000360839,5.591847414
443779.2433,-2.113575269,70.30320341,156.7973417,31,12.36058478,12.06652628,0.558856895,0.000315523,5.825436946
414288.2792,1.942956349,62.61458333,188.2471892,28,12.36058478,12.06652628,0.558856895,0.000315523,5.825436946
475901.0237,5.43313172,62.39908154,197.9807721,31,12.36058478,12.06652628,0.558856895,0.000315523,5.825436946
488694.5861,12.56460648,68.95763889,135.3763503,30,12.36058478,12.06652628,0.558856895,0.000315523,5.825436946
586128.7626,17.91901882,74.3156362,192.3388217,31,12.36058478,12.06652628,0.558856895,0.000315523,5.825436946
621470.4407,22.21377315,69.30104167,225.3063657,30,12.36058478,12.06652628,0.558856895,0.000315523,5.825436946
671019.4134,26.66420251,66.30790771,284.5905765,31,12.36058478,12.06652628,0.558856895,0.000315523,5.825436946
669479.4082,23.04596774,77.16319444,219.8065636,31,12.36058478,12.06652628,0.558856895,0.000315523,5.825436946
606822.1509,20.35770833,84.16527778,153.3049769,30,12.36058478,12.06652628,0.558856895,0.000315523,5.825436946
519002.908,12.89782706,75.73711918,157.4538157,31,12.36058478,12.06652628,0.558856895,0.000315523,5.825436946
468471.0345,9.760949074,74.10636574,128.5277006,30,12.36058478,12.06652628,0.558856895,0.000315523,5.825436946
456902.6316,5.489852151,75.55857975,140.3433766,31,12.36058478,12.06652628,0.558856895,0.000315523,5.825436946
422857.3568,-2.113575269,70.30320341,156.7973417,31,11.10070767,11.68561023,0.524064168,0.000298239,4.595251355
394984.3455,1.942956349,62.61458333,188.2471892,28,11.10070767,11.68561023,0.524064168,0.000298239,4.595251355
453151.7097,5.43313172,62.39908154,197.9807721,31,11.10070767,11.68561023,0.524064168,0.000298239,4.595251355
474152.6893,12.56460648,68.95763889,135.3763503,30,11.10070767,11.68561023,0.524064168,0.000298239,4.595251355
580183.3186,17.91901882,74.3156362,192.3388217,31,11.10070767,11.68561023,0.524064168,0.000298239,4.595251355
622531.8729,22.21377315,69.30104167,225.3063657,30,11.10070767,11.68561023,0.524064168,0.000298239,4.595251355
683737.4232,26.66420251,66.30790771,284.5905765,31,11.10070767,11.68561023,0.524064168,0.000298239,4.595251355
675143.5582,23.04596774,77.16319444,219.8065636,31,11.10070767,11.68561023,0.524064168,0.000298239,4.595251355
610229.8042,20.35770833,84.16527778,153.3049769,30,11.10070767,11.68561023,0.524064168,0.000298239,4.595251355
504044.2746,12.89782706,75.73711918,157.4538157,31,11.10070767,11.68561023,0.524064168,0.000298239,4.595251355
450506.7423,9.760949074,74.10636574,128.5277006,30,11.10070767,11.68561023,0.524064168,0.000298239,4.595251355
436753.7188,5.489852151,75.55857975,140.3433766,31,11.10070767,11.68561023,0.524064168,0.000298239,4.595251355
427009.7388,-2.113575269,70.30320341,156.7973417,31,11.38757006,11.81581254,0.577592452,0.000294462,4.69826977
398983.2436,1.942956349,62.61458333,188.2471892,28,11.38757006,11.81581254,0.577592452,0.000294462,4.69826977
457894.2745,5.43313172,62.39908154,197.9807721,31,11.38757006,11.81581254,0.577592452,0.000294462,4.69826977
477787.2434,12.56460648,68.95763889,135.3763503,30,11.38757006,11.81581254,0.577592452,0.000294462,4.69826977
583123.386,17.91901882,74.3156362,192.3388217,31,11.38757006,11.81581254,0.577592452,0.000294462,4.69826977
624841.9433,22.21377315,69.30104167,225.3063657,30,11.38757006,11.81581254,0.577592452,0.000294462,4.69826977
684663.7756,26.66420251,66.30790771,284.5905765,31,11.38757006,11.81581254,0.577592452,0.000294462,4.69826977
677022.2823,23.04596774,77.16319444,219.8065636,31,11.38757006,11.81581254,0.577592452,0.000294462,4.69826977
611918.858,20.35770833,84.16527778,153.3049769,30,11.38757006,11.81581254,0.577592452,0.000294462,4.69826977
507892.4603,12.89782706,75.73711918,157.4538157,31,11.38757006,11.81581254,0.577592452,0.000294462,4.69826977
454410.3089,9.760949074,74.10636574,128.5277006,30,11.38757006,11.81581254,0.577592452,0.000294462,4.69826977
441024.052,5.489852151,75.55857975,140.3433766,31,11.38757006,11.81581254,0.577592452,0.000294462,4.69826977
425417.5534,-2.113575269,70.30320341,156.7973417,31,12.1222947,11.29593446,0.608991468,0.000255419,6.427139315
397123.4156,1.942956349,62.61458333,188.2471892,28,12.1222947,11.29593446,0.608991468,0.000255419,6.427139315
456151.5155,5.43313172,62.39908154,197.9807721,31,12.1222947,11.29593446,0.608991468,0.000255419,6.427139315
466071.7775,12.56460648,68.95763889,135.3763503,30,12.1222947,11.29593446,0.608991468,0.000255419,6.427139315
555871.9127,17.91901882,74.3156362,192.3388217,31,12.1222947,11.29593446,0.608991468,0.000255419,6.427139315
587029.9097,22.21377315,69.30104167,225.3063657,30,12.1222947,11.29593446,0.608991468,0.000255419,6.427139315
630602.1749,26.66420251,66.30790771,284.5905765,31,12.1222947,11.29593446,0.608991468,0.000255419,6.427139315
631259.7202,23.04596774,77.16319444,219.8065636,31,12.1222947,11.29593446,0.608991468,0.000255419,6.427139315
572898.8104,20.35770833,84.16527778,153.3049769,30,12.1222947,11.29593446,0.608991468,0.000255419,6.427139315
495267.8447,12.89782706,75.73711918,157.4538157,31,12.1222947,11.29593446,0.608991468,0.000255419,6.427139315
448349.8987,9.760949074,74.10636574,128.5277006,30,12.1222947,11.29593446,0.608991468,0.000255419,6.427139315
437910.8863,5.489852151,75.55857975,140.3433766,31,12.1222947,11.29593446,0.608991468,0.000255419,6.427139315
363128.309,-2.113575269,70.30320341,156.7973417,31,10.35875821,8.85440213,0.534042879,0.000329263,5.198213659
338607.1801,1.942956349,62.61458333,188.2471892,28,10.35875821,8.85440213,0.534042879,0.000329263,5.198213659
387473.9724,5.43313172,62.39908154,197.9807721,31,10.35875821,8.85440213,0.534042879,0.000329263,5.198213659
404850.3413,12.56460648,68.95763889,135.3763503,30,10.35875821,8.85440213,0.534042879,0.000329263,5.198213659
494014.1866,17.91901882,74.3156362,192.3388217,31,10.35875821,8.85440213,0.534042879,0.000329263,5.198213659
528871.7902,22.21377315,69.30104167,225.3063657,30,10.35875821,8.85440213,0.534042879,0.000329263,5.198213659
580110.8904,26.66420251,66.30790771,284.5905765,31,10.35875821,8.85440213,0.534042879,0.000329263,5.198213659
571245.5974,23.04596774,77.16319444,219.8065636,31,10.35875821,8.85440213,0.534042879,0.000329263,5.198213659
517558.6944,20.35770833,84.16527778,153.3049769,30,10.35875821,8.85440213,0.534042879,0.000329263,5.198213659
431259.5222,12.89782706,75.73711918,157.4538157,31,10.35875821,8.85440213,0.534042879,0.000329263,5.198213659
385898.1025,9.760949074,74.10636574,128.5277006,30,10.35875821,8.85440213,0.534042879,0.000329263,5.198213659
374155.1462,5.489852151,75.55857975,140.3433766,31,10.35875821,8.85440213,0.534042879,0.000329263,5.198213659
415738.8016,-2.113575269,70.30320341,156.7973417,31,9.168577025,12.62726077,0.571965435,0.000337569,6.370127604
386829.2129,1.942956349,62.61458333,188.2471892,28,9.168577025,12.62726077,0.571965435,0.000337569,6.370127604
443050.1806,5.43313172,62.39908154,197.9807721,31,9.168577025,12.62726077,0.571965435,0.000337569,6.370127604
454148.5638,12.56460648,68.95763889,135.3763503,30,9.168577025,12.62726077,0.571965435,0.000337569,6.370127604
542480.2345,17.91901882,74.3156362,192.3388217,31,9.168577025,12.62726077,0.571965435,0.000337569,6.370127604
572796.5856,22.21377315,69.30104167,225.3063657,30,9.168577025,12.62726077,0.571965435,0.000337569,6.370127604
619805.9633,26.66420251,66.30790771,284.5905765,31,9.168577025,12.62726077,0.571965435,0.000337569,6.370127604
616261.2258,23.04596774,77.16319444,219.8065636,31,9.168577025,12.62726077,0.571965435,0.000337569,6.370127604
559988.0957,20.35770833,84.16527778,153.3049769,30,9.168577025,12.62726077,0.571965435,0.000337569,6.370127604
482748.6681,12.89782706,75.73711918,157.4538157,31,9.168577025,12.62726077,0.571965435,0.000337569,6.370127604
436854.9243,9.760949074,74.10636574,128.5277006,30,9.168577025,12.62726077,0.571965435,0.000337569,6.370127604
427085.4565,5.489852151,75.55857975,140.3433766,31,9.168577025,12.62726077,0.571965435,0.000337569,6.370127604
395190.7344,-2.113575269,70.30320341,156.7973417,31,11.26436661,10.26981679,0.713689221,0.000307892,6.468236081
368521.3277,1.942956349,62.61458333,188.2471892,28,11.26436661,10.26981679,0.713689221,0.000307892,6.468236081
422588.7762,5.43313172,62.39908154,197.9807721,31,11.26436661,10.26981679,0.713689221,0.000307892,6.468236081
432934.4998,12.56460648,68.95763889,135.3763503,30,11.26436661,10.26981679,0.713689221,0.000307892,6.468236081
517404.9366,17.91901882,74.3156362,192.3388217,31,11.26436661,10.26981679,0.713689221,0.000307892,6.468236081
546592.9447,22.21377315,69.30104167,225.3063657,30,11.26436661,10.26981679,0.713689221,0.000307892,6.468236081
588686.8605,26.66420251,66.30790771,284.5905765,31,11.26436661,10.26981679,0.713689221,0.000307892,6.468236081
587357.6723,23.04596774,77.16319444,219.8065636,31,11.26436661,10.26981679,0.713689221,0.000307892,6.468236081
533367.3354,20.35770833,84.16527778,153.3049769,30,11.26436661,10.26981679,0.713689221,0.000307892,6.468236081
460071.7373,12.89782706,75.73711918,157.4538157,31,11.26436661,10.26981679,0.713689221,0.000307892,6.468236081
416198.0166,9.760949074,74.10636574,128.5277006,30,11.26436661,10.26981679,0.713689221,0.000307892,6.468236081
406479.8553,5.489852151,75.55857975,140.3433766,31,11.26436661,10.26981679,0.713689221,0.000307892,6.468236081
420120.9708,-2.113575269,70.30320341,156.7973417,31,11.82815653,10.96186831,0.498038163,0.000357069,5.658919354
391413.4179,1.942956349,62.61458333,188.2471892,28,11.82815653,10.96186831,0.498038163,0.000357069,5.658919354
448982.4914,5.43313172,62.39908154,197.9807721,31,11.82815653,10.96186831,0.498038163,0.000357069,5.658919354
463247.8007,12.56460648,68.95763889,135.3763503,30,11.82815653,10.96186831,0.498038163,0.000357069,5.658919354
558332.0075,17.91901882,74.3156362,192.3388217,31,11.82815653,10.96186831,0.498038163,0.000357069,5.658919354
593154.6746,22.21377315,69.30104167,225.3063657,30,11.82815653,10.96186831,0.498038163,0.000357069,5.658919354
642637.2971,26.66420251,66.30790771,284.5905765,31,11.82815653,10.96186831,0.498038163,0.000357069,5.658919354
639815.5412,23.04596774,77.16319444,219.8065636,31,11.82815653,10.96186831,0.498038163,0.000357069,5.658919354
579563.7149,20.35770833,84.16527778,153.3049769,30,11.82815653,10.96186831,0.498038163,0.000357069,5.658919354
492532.5278,12.89782706,75.73711918,157.4538157,31,11.82815653,10.96186831,0.498038163,0.000357069,5.658919354
443513.619,9.760949074,74.10636574,128.5277006,30,11.82815653,10.96186831,0.498038163,0.000357069,5.658919354
431915.7491,5.489852151,75.55857975,140.3433766,31,11.82815653,10.96186831,0.498038163,0.000357069,5.658919354
