Electricity:Facility,Site Outdoor Air Drybulb Temperature,Site Outdoor Air Relative Humidity,Site Direct Solar Radiation Rate per Area,days,tc1,tc2,tc3,tc4,tc5,tc6
375098.4412,-2.113575269,70.30320341,156.7973417,31,9.455503542,10.04524485,0.492359885,0.00031861,6.471773849,0.738086617
348718.419,1.942956349,62.61458333,188.2471892,28,9.455503542,10.04524485,0.492359885,0.00031861,6.471773849,0.738086617
398916.3726,5.43313172,62.39908154,197.9807721,31,9.455503542,10.04524485,0.492359885,0.00031861,6.471773849,0.738086617
410573.3742,12.56460648,68.95763889,135.3763503,30,9.455503542,10.04524485,0.492359885,0.00031861,6.471773849,0.738086617
492583.7764,17.91901882,74.3156362,192.3388217,31,9.455503542,10.04524485,0.492359885,0.00031861,6.471773849,0.738086617
521249.1314,22.21377315,69.30104167,225.3063657,30,9.455503542,10.04524485,0.492359885,0.00031861,6.471773849,0.738086617
564421.9856,26.66420251,66.30790771,284.5905765,31,9.455503542,10.04524485,0.492359885,0.00031861,6.471773849,0.738086617
560071.492,23.04596774,77.16319444,219.8065636,31,9.455503542,10.04524485,0.492359885,0.00031861,6.471773849,0.738086617
509359.9751,20.35770833,84.16527778,153.3049769,30,9.455503542,10.04524485,0.492359885,0.00031861,6.471773849,0.738086617
437402.5895,12.89782706,75.73711918,157.4538157,31,9.455503542,10.04524485,0.492359885,0.00031861,6.471773849,0.738086617
394991.0491,9.760949074,74.10636574,128.5277006,30,9.455503542,10.04524485,0.492359885,0.00031861,6.471773849,0.738086617
385046.8664,5.489852151,75.55857975,140.3433766,31,9.455503542,10.04524485,0.492359885,0.00031861,6.471773849,0.738086617
403798.1385,-2.113575269,70.30320341,156.7973417,31,9.482202623,11.93570921,0.703248811,0.00028734,5.966185387,0.875260983
376530.4319,1.942956349,62.61458333,188.2471892,28,9.482202623,11.93570921,0.703248811,0.00028734,5.966185387,0.875260983
431267.9281,5.43313172,62.39908154,197.9807721,31,9.482202623,11.93570921,0.703248811,0.00028734,5.966185387,0.875260983
443905.6207,12.56460648,68.95763889,135.3763503,30,9.482202623,11.93570921,0.703248811,0.00028734,5.966185387,0.875260983
532550.8825,17.91901882,74.3156362,192.3388217,31,9.482202623,11.93570921,0.703248811,0.00028734,5.966185387,0.875260983
564160.4976,22.21377315,69.30104167,225.3063657,30,9.482202623,11.93570921,0.703248811,0.00028734,5.966185387,0.875260983
611420.9074,26.66420251,66.30790771,284.5905765,31,9.482202623,11.93570921,0.703248811,0.00028734,5.966185387,0.875260983
607552.0586,23.04596774,77.16319444,219.8065636,31,9.482202623,11.93570921,0.703248811,0.00028734,5.966185387,0.875260983
551535.8353,20.35770833,84.16527778,153.3049769,30,9.482202623,11.93570921,0.703248811,0.00028734,5.966185387,0.875260983
471735.2289,12.89782706,75.73711918,157.4538157,31,9.482202623,11.93570921,0.703248811,0.00028734,5.966185387,0.875260983
426034.749,9.760949074,74.10636574,128.5277006,30,9.482202623,11.93570921,0.703248811,0.00028734,5.966185387,0.875260983
415829.6532,5.489852151,75.55857975,140.3433766,31,9.482202623,11.93570921,0.703248811,0.00028734,5.966185387,0.875260983
429879.7145,-2.113575269,70.30320341,156.7973417,31,10.50309522,12.48100668,0.518423391,0.000273168,5.39018484,0.65159973
401198.4733,1.942956349,62.61458333,188.2471892,28,10.50309522,12.48100668,0.518423391,0.000273168,5.39018484,0.65159973
460205.4977,5.43313172,62.39908154,197.9807721,31,10.50309522,12.48100668,0.518423391,0.000273168,5.39018484,0.65159973
475817.0334,12.56460648,68.95763889,135.3763503,30,10.50309522,12.48100668,0.518423391,0.000273168,5.39018484,0.65159973
574444.7152,17.91901882,74.3156362,192.3388217,31,10.50309522,12.48100668,0.518423391,0.000273168,5.39018484,0.65159973
611191.6431,22.21377315,69.30104167,225.3063657,30,10.50309522,12.48100668,0.518423391,0.000273168,5.39018484,0.65159973
665864.6675,26.66420251,66.30790771,284.5905765,31,10.50309522,12.48100668,0.518423391,0.000273168,5.39018484,0.65159973
660190.7439,23.04596774,77.16319444,219.8065636,31,10.50309522,12.48100668,0.518423391,0.000273168,5.39018484,0.65159973
597707.5672,20.35770833,84.16527778,153.3049769,30,10.50309522,12.48100668,0.518423391,0.000273168,5.39018484,0.65159973
506080.7254,12.89782706,75.73711918,157.4538157,31,10.50309522,12.48100668,0.518423391,0.000273168,5.39018484,0.65159973
455234.3775,9.760949074,74.10636574,128.5277006,30,10.50309522,12.48100668,0.518423391,0.000273168,5.39018484,0.65159973
443178.7118,5.489852151,75.55857975,140.3433766,31,10.50309522,12.48100668,0.518423391,0.000273168,5.39018484,0.65159973
403006.0208,-2.113575269,70.30320341,156.7973417,31,8.768354781,12.29771421,0.630560139,0.000265945,5.696292682,0.658855141
375780.6891,1.942956349,62.61458333,188.2471892,28,8.768354781,12.29771421,0.630560139,0.000265945,5.696292682,0.658855141
430267.3097,5.43313172,62.39908154,197.9807721,31,8.768354781,12.29771421,0.630560139,0.000265945,5.696292682,0.658855141
444379.9422,12.56460648,68.95763889,135.3763503,30,8.768354781,12.29771421,0.630560139,0.000265945,5.696292682,0.658855141
535313.915,17.91901882,74.3156362,192.3388217,31,8.768354781,12.29771421,0.630560139,0.000265945,5.696292682,0.658855141
567787.0368,22.21377315,69.30104167,225.3063657,30,8.768354781,12.29771421,0.630560139,0.000265945,5.696292682,0.658855141
618431.717,26.66420251,66.30790771,284.5905765,31,8.768354781,12.29771421,0.630560139,0.000265945,5.696292682,0.658855141
611922.7041,23.04596774,77.16319444,219.8065636,31,8.768354781,12.29771421,0.630560139,0.000265945,5.696292682,0.658855141
555372.5729,20.35770833,84.16527778,153.3049769,30,8.768354781,12.29771421,0.630560139,0.000265945,5.696292682,0.658855141
472783.3915,12.89782706,75.73711918,157.4538157,31,8.768354781,12.29771421,0.630560139,0.000265945,5.696292682,0.658855141
426027.7034,9.760949074,74.10636574,128.5277006,30,8.768354781,12.29771421,0.630560139,0.000265945,5.696292682,0.658855141
415322.2233,5.489852151,75.55857975,140.3433766,31,8.768354781,12.29771421,0.630560139,0.000265945,5.696292682,0.658855141
409462.3344,-2.113575269,70.30320341,156.7973417,31,12.00920042,10.59849486,0.714062242,0.000254284,6.59802007,0.90253269
382371.2176,1.942956349,62.61458333,188.2471892,28,12.00920042,10.59849486,0.714062242,0.000254284,6.59802007,0.90253269
438912.2623,5.43313172,62.39908154,197.9807721,31,12.00920042,10.59849486,0.714062242,0.000254284,6.59802007,0.90253269
448184.271,12.56460648,68.95763889,135.3763503,30,12.00920042,10.59849486,0.714062242,0.000254284,6.59802007,0.90253269
534026.8907,17.91901882,74.3156362,192.3388217,31,12.00920042,10.59849486,0.714062242,0.000254284,6.59802007,0.90253269
563395.9699,22.21377315,69.30104167,225.3063657,30,12.00920042,10.59849486,0.714062242,0.000254284,6.59802007,0.90253269
604552.1162,26.66420251,66.30790771,284.5905765,31,12.00920042,10.59849486,0.714062242,0.000254284,6.59802007,0.90253269
605417.1562,23.04596774,77.16319444,219.8065636,31,12.00920042,10.59849486,0.714062242,0.000254284,6.59802007,0.90253269
549808.4199,20.35770833,84.16527778,153.3049769,30,12.00920042,10.59849486,0.714062242,0.000254284,6.59802007,0.90253269
475891.4672,12.89782706,75.73711918,157.4538157,31,12.00920042,10.59849486,0.714062242,0.000254284,6.59802007,0.90253269
431311.1655,9.760949074,74.10636574,128.5277006,30,12.00920042,10.59849486,0.714062242,0.000254284,6.59802007,0.90253269
421444.5608,5.489852151,75.55857975,140.3433766,31,12.00920042,10.59849486,0.714062242,0.000254284,6.59802007,0.90253269
401725.4574,-2.113575269,70.30320341,156.7973417,31,12.60033709,9.694701127,0.665204178,0.00032293,4.700778889,0.917656945
375558.365,1.942956349,62.61458333,188.2471892,28,12.60033709,9.694701127,0.665204178,0.00032293,4.700778889,0.917656945
431144.2712,5.43313172,62.39908154,197.9807721,31,12.60033709,9.694701127,0.665204178,0.00032293,4.700778889,0.917656945
450570.4323,12.56460648,68.95763889,135.3763503,30,12.60033709,9.694701127,0.665204178,0.00032293,4.700778889,0.917656945
550760.6766,17.91901882,74.3156362,192.3388217,31,12.60033709,9.694701127,0.665204178,0.00032293,4.700778889,0.917656945
591285.7909,22.21377315,69.30104167,225.3063657,30,12.60033709,9.694701127,0.665204178,0.00032293,4.700778889,0.917656945
648342.3525,26.66420251,66.30790771,284.5905765,31,12.60033709,9.694701127,0.665204178,0.00032293,4.700778889,0.917656945
640048.865,23.04596774,77.16319444,219.8065636,31,12.60033709,9.694701127,0.665204178,0.00032293,4.700778889,0.917656945
578504.4687,20.35770833,84.16527778,153.3049769,30,12.60033709,9.694701127,0.665204178,0.00032293,4.700778889,0.917656945
478549.3595,12.89782706,75.73711918,157.4538157,31,12.60033709,9.694701127,0.665204178,0.00032293,4.700778889,0.917656945
428042.0877,9.760949074,74.10636574,128.5277006,30,12.60033709,9.694701127,0.665204178,0.00032293,4.700778889,0.917656945
414913.3112,5.489852151,75.55857975,140.3433766,31,12.60033709,9.694701127,0.665204178,0.00032293,4.700778889,0.917656945
412583.5459,-2.113575269,70.30320341,156.7973417,31,11.16128053,11.27956698,0.657862794,0.000249671,4.804549433,0.638391737
385783.7543,1.942956349,62.61458333,188.2471892,28,11.16128053,11.27956698,0.657862794,0.000249671,4.804549433,0.638391737
442649.2251,5.43313172,62.39908154,197.9807721,31,11.16128053,11.27956698,0.657862794,0.000249671,4.804549433,0.638391737
461428.9265,12.56460648,68.95763889,135.3763503,30,11.16128053,11.27956698,0.657862794,0.000249671,4.804549433,0.638391737
561779.0217,17.91901882,74.3156362,192.3388217,31,11.16128053,11.27956698,0.657862794,0.000249671,4.804549433,0.638391737
601879.3598,22.21377315,69.30104167,225.3063657,30,11.16128053,11.27956698,0.657862794,0.000249671,4.804549433,0.638391737
658826.2616,26.66420251,66.30790771,284.5905765,31,11.16128053,11.27956698,0.657862794,0.000249671,4.804549433,0.638391737
651670.4455,23.04596774,77.16319444,219.8065636,31,11.16128053,11.27956698,0.657862794,0.000249671,4.804549433,0.638391737
589439.2053,20.35770833,84.16527778,153.3049769,30,11.16128053,11.27956698,0.657862794,0.000249671,4.804549433,0.638391737
490371.9468,12.89782706,75.73711918,157.4538157,31,11.16128053,11.27956698,0.657862794,0.000249671,4.804549433,0.638391737
439220.3033,9.760949074,74.10636574,128.5277006,30,11.16128053,11.27956698,0.657862794,0.000249671,4.804549433,0.638391737
426351.1508,5.489852151,75.55857975,140.3433766,31,11.16128053,11.27956698,0.657862794,0.000249671,4.804549433,0.638391737
366204.2076,-2.113575269,70.30320341,156.7973417,31,10.25367121,9.159610728,0.57192727,0.00030845,4.403809949,0.829889108
341951.0041,1.942956349,62.61458333,188.2471892,28,10.25367121,9.159610728,0.57192727,0.00030845,4.403809949,0.829889108
391313.2443,5.43313172,62.39908154,197.9807721,31,10.25367121,9.159610728,0.57192727,0.00030845,4.403809949,0.829889108
414030.1922,12.56460648,68.95763889,135.3763503,30,10.25367121,9.159610728,0.57192727,0.00030845,4.403809949,0.829889108
511628.707,17.91901882,74.3156362,192.3388217,31,10.25367121,9.159610728,0.57192727,0.00030845,4.403809949,0.829889108
552547.3461,22.21377315,69.30104167,225.3063657,30,10.25367121,9.159610728,0.57192727,0.00030845,4.403809949,0.829889108
612319.5275,26.66420251,66.30790771,284.5905765,31,10.25367121,9.159610728,0.57192727,0.00030845,4.403809949,0.829889108
599175.2064,23.04596774,77.16319444,219.8065636,31,10.25367121,9.159610728,0.57192727,0.00030845,4.403809949,0.829889108
541596.8416,20.35770833,84.16527778,153.3049769,30,10.25367121,9.159610728,0.57192727,0.00030845,4.403809949,0.829889108
441019.2413,12.89782706,75.73711918,157.4538157,31,10.25367121,9.159610728,0.57192727,0.00030845,4.403809949,0.829889108
391867.3937,9.760949074,74.10636574,128.5277006,30,10.25367121,9.159610728,0.57192727,0.00030845,4.403809949,0.829889108
378516.9998,5.489852151,75.55857975,140.3433766,31,10.25367121,9.159610728,0.57192727,0.00030845,4.403809949,0.829889108
405553.2741,-2.113575269,70.30320341,156.7973417,31,12.70554505,9.849554468,0.678653822,0.000334199,4.69233901,0.911823816
379160.7127,1.942956349,62.61458333,188.2471892,28,12.70554505,9.849554468,0.678653822,0.000334199,4.69233901,0.911823816
435280.3702,5.43313172,62.39908154,197.9807721,31,12.70554505,9.849554468,0.678653822,0.000334199,4.69233901,0.911823816
454817.2467,12.56460648,68.95763889,135.3763503,30,12.70554505,9.849554468,0.678653822,0.000334199,4.69233901,0.911823816
555801.1053,17.91901882,74.3156362,192.3388217,31,12.70554505,9.849554468,0.678653822,0.000334199,4.69233901,0.911823816
596351.0159,22.21377315,69.30104167,225.3063657,30,12.70554505,9.849554468,0.678653822,0.000334199,4.69233901,0.911823816
653427.6402,26.66420251,66.30790771,284.5905765,31,12.70554505,9.849554468,0.678653822,0.000334199,4.69233901,0.911823816
645635.1014,23.04596774,77.16319444,219.8065636,31,12.70554505,9.849554468,0.678653822,0.000334199,4.69233901,0.911823816
583434.9679,20.35770833,84.16527778,153.3049769,30,12.70554505,9.849554468,0.678653822,0.000334199,4.69233901,0.911823816
482883.9682,12.89782706,75.73711918,157.4538157,31,12.70554505,9.849554468,0.678653822,0.000334199,4.69233901,0.911823816
431954.6823,9.760949074,74.10636574,128.5277006,30,12.70554505,9.849554468,0.678653822,0.000334199,4.69233901,0.911823816
418793.069,5.489852151,75.55857975,140.3433766,31,12.70554505,9.849554468,0.678653822,0.000334199,4.69233901,0.911823816
411190.7111,-2.113575269,70.30320341,156.7973417,31,10.33108032,11.60310037,0.580753872,0.000358007,5.092168081,0.931309054
383236.1662,1.942956349,62.61458333,188.2471892,28,10.33108032,11.60310037,0.580753872,0.000358007,5.092168081,0.931309054
439065.0779,5.43313172,62.39908154,197.9807721,31,10.33108032,11.60310037,0.580753872,0.000358007,5.092168081,0.931309054
456723.4478,12.56460648,68.95763889,135.3763503,30,10.33108032,11.60310037,0.580753872,0.000358007,5.092168081,0.931309054
554187.414,17.91901882,74.3156362,192.3388217,31,10.33108032,11.60310037,0.580753872,0.000358007,5.092168081,0.931309054
592159.2516,22.21377315,69.30104167,225.3063657,30,10.33108032,11.60310037,0.580753872,0.000358007,5.092168081,0.931309054
647718.7606,26.66420251,66.30790771,284.5905765,31,10.33108032,11.60310037,0.580753872,0.000358007,5.092168081,0.931309054
640190.3548,23.04596774,77.16319444,219.8065636,31,10.33108032,11.60310037,0.580753872,0.000358007,5.092168081,0.931309054
579596.0808,20.35770833,84.16527778,153.3049769,30,10.33108032,11.60310037,0.580753872,0.000358007,5.092168081,0.931309054
485465.0822,12.89782706,75.73711918,157.4538157,31,10.33108032,11.60310037,0.580753872,0.000358007,5.092168081,0.931309054
435536.1118,9.760949074,74.10636574,128.5277006,30,10.33108032,11.60310037,0.580753872,0.000358007,5.092168081,0.931309054
423505.4636,5.489852151,75.55857975,140.3433766,31,10.33108032,11.60310037,0.580753872,0.000358007,5.092168081,0.931309054
417915.8578,-2.113575269,70.30320341,156.7973417,31,11.81220364,10.92895153,0.541152987,0.000362236,6.338999708,0.841542069
389195.9382,1.942956349,62.61458333,188.2471892,28,11.81220364,10.92895153,0.541152987,0.000362236,6.338999708,0.841542069
446568.3492,5.43313172,62.39908154,197.9807721,31,11.81220364,10.92895153,0.541152987,0.000362236,6.338999708,0.841542069
457282.4728,12.56460648,68.95763889,135.3763503,30,11.81220364,10.92895153,0.541152987,0.000362236,6.338999708,0.841542069
546569.7442,17.91901882,74.3156362,192.3388217,31,11.81220364,10.92895153,0.541152987,0.000362236,6.338999708,0.841542069
577572.0499,22.21377315,69.30104167,225.3063657,30,11.81220364,10.92895153,0.541152987,0.000362236,6.338999708,0.841542069
622101.5317,26.66420251,66.30790771,284.5905765,31,11.81220364,10.92895153,0.541152987,0.000362236,6.338999708,0.841542069
621545.1039,23.04596774,77.16319444,219.8065636,31,11.81220364,10.92895153,0.541152987,0.000362236,6.338999708,0.841542069
563867.1819,20.35770833,84.16527778,153.3049769,30,11.81220364,10.92895153,0.541152987,0.000362236,6.338999708,0.841542069
485894.108,12.89782706,75.73711918,157.4538157,31,11.81220364,10.92895153,0.541152987,0.000362236,6.338999708,0.841542069
439580.4622,9.760949074,74.10636574,128.5277006,30,11.81220364,10.92895153,0.541152987,0.000362236,6.338999708,0.841542069
429137.7188,5.489852151,75.55857975,140.3433766,31,11.81220364,10.92895153,0.541152987,0.000362236,6.338999708,0.841542069
374658.2432,-2.113575269,70.30320341,156.7973417,31,8.744689457,10.47091184,0.485545433,0.000349167,6.254306229,0.741158742
348286.1598,1.942956349,62.61458333,188.2471892,28,8.744689457,10.47091184,0.485545433,0.000349167,6.254306229,0.741158742
397956.0251,5.43313172,62.39908154,197.9807721,31,8.744689457,10.47091184,0.485545433,0.000349167,6.254306229,0.741158742
410506.8511,12.56460648,68.95763889,135.3763503,30,8.744689457,10.47091184,0.485545433,0.000349167,6.254306229,0.741158742
493459.3928,17.91901882,74.3156362,192.3388217,31,8.744689457,10.47091184,0.485545433,0.000349167,6.254306229,0.741158742
522856.4698,22.21377315,69.30104167,225.3063657,30,8.744689457,10.47091184,0.485545433,0.000349167,6.254306229,0.741158742
568131.56,26.66420251,66.30790771,284.5905765,31,8.744689457,10.47091184,0.485545433,0.000349167,6.254306229,0.741158742
562550.0056,23.04596774,77.16319444,219.8065636,31,8.744689457,10.47091184,0.485545433,0.000349167,6.254306229,0.741158742
510991.8946,20.35770833,84.16527778,153.3049769,30,8.744689457,10.47091184,0.485545433,0.000349167,6.254306229,0.741158742
437464.0857,12.89782706,75.73711918,157.4538157,31,8.744689457,10.47091184,0.485545433,0.000349167,6.254306229,0.741158742
394507.8698,9.760949074,74.10636574,128.5277006,30,8.744689457,10.47091184,0.485545433,0.000349167,6.254306229,0.741158742
384538.6798,5.489852151,75.55857975,140.3433766,31,8.744689457,10.47091184,0.485545433,0.000349167,6.254306229,0.741158742
365694.1538,-2.113575269,70.30320341,156.7973417,31,9.824850443,9.592684405,0.72491063,0.000297662,5.874959653,0.630027989
340905.8184,1.942956349,62.61458333,188.2471892,28,9.824850443,9.592684405,0.72491063,0.000297662,5.874959653,0.630027989
390270.2517,5.43313172,62.39908154,197.9807721,31,9.824850443,9.592684405,0.72491063,0.000297662,5.874959653,0.630027989
403709.3274,12.56460648,68.95763889,135.3763503,30,9.824850443,9.592684405,0.72491063,0.000297662,5.874959653,0.630027989
486996.3343,17.91901882,74.3156362,192.3388217,31,9.824850443,9.592684405,0.72491063,0.000297662,5.874959653,0.630027989
517294.9337,22.21377315,69.30104167,225.3063657,30,9.824850443,9.592684405,0.72491063,0.000297662,5.874959653,0.630027989
562947.6321,26.66420251,66.30790771,284.5905765,31,9.824850443,9.592684405,0.72491063,0.000297662,5.874959653,0.630027989
557021.7773,23.04596774,77.16319444,219.8065636,31,9.824850443,9.592684405,0.72491063,0.000297662,5.874959653,0.630027989
505914.5186,20.35770833,84.16527778,153.3049769,30,9.824850443,9.592684405,0.72491063,0.000297662,5.874959653,0.630027989
429558.1783,12.89782706,75.73711918,157.4538157,31,9.824850443,9.592684405,0.72491063,0.000297662,5.874959653,0.630027989
386898.9416,9.760949074,74.10636574,128.5277006,30,9.824850443,9.592684405,0.72491063,0.000297662,5.874959653,0.630027989
376624.1266,5.489852151,75.55857975,140.3433766,31,9.824850443,9.592684405,0.72491063,0.000297662,5.874959653,0.630027989
423687.3333,-2.113575269,70.30320341,156.7973417,31,11.24761396,11.86012681,0.677599597,0.000263765,4.846990893,0.704598749
396168.3846,1.942956349,62.61458333,188.2471892,28,11.24761396,11.86012681,0.677599597,0.000263765,4.846990893,0.704598749
454653.1321,5.43313172,62.39908154,197.9807721,31,11.24761396,11.86012681,0.677599597,0.000263765,4.846990893,0.704598749
473028.9812,12.56460648,68.95763889,135.3763503,30,11.24761396,11.86012681,0.677599597,0.000263765,4.846990893,0.704598749
575123.0214,17.91901882,74.3156362,192.3388217,31,11.24761396,11.86012681,0.677599597,0.000263765,4.846990893,0.704598749
615019.0509,22.21377315,69.30104167,225.3063657,30,11.24761396,11.86012681,0.677599597,0.000263765,4.846990893,0.704598749
673214.0052,26.66420251,66.30790771,284.5905765,31,11.24761396,11.86012681,0.677599597,0.000263765,4.846990893,0.704598749
665978.4377,23.04596774,77.16319444,219.8065636,31,11.24761396,11.86012681,0.677599597,0.000263765,4.846990893,0.704598749
602194.8418,20.35770833,84.16527778,153.3049769,30,11.24761396,11.86012681,0.677599597,0.000263765,4.846990893,0.704598749
502503.7532,12.89782706,75.73711918,157.4538157,31,11.24761396,11.86012681,0.677599597,0.000263765,4.846990893,0.704598749
450554.1935,9.760949074,74.10636574,128.5277006,30,11.24761396,11.86012681,0.677599597,0.000263765,4.846990893,0.704598749
437720.6552,5.489852151,75.55857975,140.3433766,31,11.24761396,11.86012681,0.677599597,0.000263765,4.846990893,0.704598749
393666.3636,-2.113575269,70.30320341,156.7973417,31,12.11719078,9.340191701,0.50663411,0.000304837,5.256828029,0.68521525
367176.7001,1.942956349,62.61458333,188.2471892,28,12.11719078,9.340191701,0.50663411,0.000304837,5.256828029,0.68521525
421337.0258,5.43313172,62.39908154,197.9807721,31,12.11719078,9.340191701,0.50663411,0.000304837,5.256828029,0.68521525
437818.3929,12.56460648,68.95763889,135.3763503,30,12.11719078,9.340191701,0.50663411,0.000304837,5.256828029,0.68521525
532223.4665,17.91901882,74.3156362,192.3388217,31,12.11719078,9.340191701,0.50663411,0.000304837,5.256828029,0.68521525
568323.6614,22.21377315,69.30104167,225.3063657,30,12.11719078,9.340191701,0.50663411,0.000304837,5.256828029,0.68521525
619320.6642,26.66420251,66.30790771,284.5905765,31,12.11719078,9.340191701,0.50663411,0.000304837,5.256828029,0.68521525
613554.3418,23.04596774,77.16319444,219.8065636,31,12.11719078,9.340191701,0.50663411,0.000304837,5.256828029,0.68521525
555896.9823,20.35770833,84.16527778,153.3049769,30,12.11719078,9.340191701,0.50663411,0.000304837,5.256828029,0.68521525
465917.5957,12.89782706,75.73711918,157.4538157,31,12.11719078,9.340191701,0.50663411,0.000304837,5.256828029,0.68521525
417926.1538,9.760949074,74.10636574,128.5277006,30,12.11719078,9.340191701,0.50663411,0.000304837,5.256828029,0.68521525
405623.5557,5.489852151,75.55857975,140.3433766,31,12.11719078,9.340191701,0.50663411,0.000304837,5.256828029,0.68521525
396485.7945,-2.113575269,70.30320341,156.7973417,31,11.4892063,9.922297153,0.508421381,0.000290631,5.829273407,0.725568168
369458.9235,1.942956349,62.61458333,188.2471892,28,11.4892063,9.922297153,0.508421381,0.000290631,5.829273407,0.725568168
423801.4029,5.43313172,62.39908154,197.9807721,31,11.4892063,9.922297153,0.508421381,0.000290631,5.829273407,0.725568168
437238.2889,12.56460648,68.95763889,135.3763503,30,11.4892063,9.922297153,0.508421381,0.000290631,5.829273407,0.725568168
527187.6962,17.91901882,74.3156362,192.3388217,31,11.4892063,9.922297153,0.508421381,0.000290631,5.829273407,0.725568168
559845.0654,22.21377315,69.30104167,225.3063657,30,11.4892063,9.922297153,0.508421381,0.000290631,5.829273407,0.725568168
606404.4922,26.66420251,66.30790771,284.5905765,31,11.4892063,9.922297153,0.508421381,0.000290631,5.829273407,0.725568168
603134.3633,23.04596774,77.16319444,219.8065636,31,11.4892063,9.922297153,0.508421381,0.000290631,5.829273407,0.725568168
546985.4076,20.35770833,84.16527778,153.3049769,30,11.4892063,9.922297153,0.508421381,0.000290631,5.829273407,0.725568168
465329.2147,12.89782706,75.73711918,157.4538157,31,11.4892063,9.922297153,0.508421381,0.000290631,5.829273407,0.725568168
419024.6943,9.760949074,74.10636574,128.5277006,30,11.4892063,9.922297153,0.508421381,0.000290631,5.829273407,0.725568168
407966.981,5.489852151,75.55857975,140.3433766,31,11.4892063,9.922297153,0.508421381,0.000290631,5.829273407,0.725568168
408322.7607,-2.113575269,70.30320341,156.7973417,31,10.97065774,11.1004022,0.637763439,0.000344433,5.167383682,0.780345976
380939.7826,1.942956349,62.61458333,188.2471892,28,10.97065774,11.1004022,0.637763439,0.000344433,5.167383682,0.780345976
436651.5188,5.43313172,62.39908154,197.9807721,31,10.97065774,11.1004022,0.637763439,0.000344433,5.167383682,0.780345976
453655.7234,12.56460648,68.95763889,135.3763503,30,10.97065774,11.1004022,0.637763439,0.000344433,5.167383682,0.780345976
549654.193,17.91901882,74.3156362,192.3388217,31,10.97065774,11.1004022,0.637763439,0.000344433,5.167383682,0.780345976
586899.0331,22.21377315,69.30104167,225.3063657,30,10.97065774,11.1004022,0.637763439,0.000344433,5.167383682,0.780345976
640957.4691,26.66420251,66.30790771,284.5905765,31,10.97065774,11.1004022,0.637763439,0.000344433,5.167383682,0.780345976
634287.8664,23.04596774,77.16319444,219.8065636,31,10.97065774,11.1004022,0.637763439,0.000344433,5.167383682,0.780345976
573914.1182,20.35770833,84.16527778,153.3049769,30,10.97065774,11.1004022,0.637763439,0.000344433,5.167383682,0.780345976
481858.1226,12.89782706,75.73711918,157.4538157,31,10.97065774,11.1004022,0.637763439,0.000344433,5.167383682,0.780345976
432598.9451,9.760949074,74.10636574,128.5277006,30,10.97065774,11.1004022,0.637763439,0.000344433,5.167383682,0.780345976
420792.598,5.489852151,75.55857975,140.3433766,31,10.97065774,11.1004022,0.637763439,0.000344433,5.167383682,0.780345976
410514.7042,-2.113575269,70.30320341,156.7973417,31,10.17883992,11.65780808,0.555629574,0.000300899,4.485585073,0.867923293
383295.1219,1.942956349,62.61458333,188.2471892,28,10.17883992,11.65780808,0.555629574,0.000300899,4.485585073,0.867923293
439358.5724,5.43313172,62.39908154,197.9807721,31,10.17883992,11.65780808,0.555629574,0.000300899,4.485585073,0.867923293
461445.5328,12.56460648,68.95763889,135.3763503,30,10.17883992,11.65780808,0.555629574,0.000300899,4.485585073,0.867923293
565894.031,17.91901882,74.3156362,192.3388217,31,10.17883992,11.65780808,0.555629574,0.000300899,4.485585073,0.867923293
608384.278,22.21377315,69.30104167,225.3063657,30,10.17883992,11.65780808,0.555629574,0.000300899,4.485585073,0.867923293
671382.3592,26.66420251,66.30790771,284.5905765,31,10.17883992,11.65780808,0.555629574,0.000300899,4.485585073,0.867923293
660385.5105,23.04596774,77.16319444,219.8065636,31,10.17883992,11.65780808,0.555629574,0.000300899,4.485585073,0.867923293
596787.6285,20.35770833,84.16527778,153.3049769,30,10.17883992,11.65780808,0.555629574,0.000300899,4.485585073,0.867923293
490601.9482,12.89782706,75.73711918,157.4538157,31,10.17883992,11.65780808,0.555629574,0.000300899,4.485585073,0.867923293
437850.3429,9.760949074,74.10636574,128.5277006,30,10.17883992,11.65780808,0.555629574,0.000300899,4.485585073,0.867923293
424183.7197,5.489852151,75.55857975,140.3433766,31,10.17883992,11.65780808,0.555629574,0.000300899,4.485585073,0.867923293
402155.288,-2.113575269,70.30320341,156.7973417,31,10.87307386,10.79740862,0.616029644,0.000336139,5.301690391,0.758472855
375006.1248,1.942956349,62.61458333,188.2471892,28,10.87307386,10.79740862,0.616029644,0.000336139,5.301690391,0.758472855
429962.6686,5.43313172,62.39908154,197.9807721,31,10.87307386,10.79740862,0.616029644,0.000336139,5.301690391,0.758472855
446118.0239,12.56460648,68.95763889,135.3763503,30,10.87307386,10.79740862,0.616029644,0.000336139,5.301690391,0.758472855
540331.6992,17.91901882,74.3156362,192.3388217,31,10.87307386,10.79740862,0.616029644,0.000336139,5.301690391,0.758472855
575958.4919,22.21377315,69.30104167,225.3063657,30,10.87307386,10.79740862,0.616029644,0.000336139,5.301690391,0.758472855
628871.2315,26.66420251,66.30790771,284.5905765,31,10.87307386,10.79740862,0.616029644,0.000336139,5.301690391,0.758472855
622171.9995,23.04596774,77.16319444,219.8065636,31,10.87307386,10.79740862,0.616029644,0.000336139,5.301690391,0.758472855
563417.2346,20.35770833,84.16527778,153.3049769,30,10.87307386,10.79740862,0.616029644,0.000336139,5.301690391,0.758472855
474079.3202,12.89782706,75.73711918,157.4538157,31,10.87307386,10.79740862,0.616029644,0.000336139,5.301690391,0.758472855
425916.3276,9.760949074,74.10636574,128.5277006,30,10.87307386,10.79740862,0.616029644,0.000336139,5.301690391,0.758472855
414306.8832,5.489852151,75.55857975,140.3433766,31,10.87307386,10.79740862,0.616029644,0.000336139,5.301690391,0.758472855
453707.4355,-2.113575269,70.30320341,156.7973417,31,12.45466785,12.75419608,0.694446286,0.000284774,6.189702927,0.792519376
424090.7972,1.942956349,62.61458333,188.2471892,28,12.45466785,12.75419608,0.694446286,0.000284774,6.189702927,0.792519376
487331.6738,5.43313172,62.39908154,197.9807721,31,12.45466785,12.75419608,0.694446286,0.000284774,6.189702927,0.792519376
497642.8426,12.56460648,68.95763889,135.3763503,30,12.45466785,12.75419608,0.694446286,0.000284774,6.189702927,0.792519376
593055.3563,17.91901882,74.3156362,192.3388217,31,12.45466785,12.75419608,0.694446286,0.000284774,6.189702927,0.792519376
627174.9888,22.21377315,69.30104167,225.3063657,30,12.45466785,12.75419608,0.694446286,0.000284774,6.189702927,0.792519376
673929.6555,26.66420251,66.30790771,284.5905765,31,12.45466785,12.75419608,0.694446286,0.000284774,6.189702927,0.792519376
674511.5345,23.04596774,77.16319444,219.8065636,31,12.45466785,12.75419608,0.694446286,0.000284774,6.189702927,0.792519376
610954.9429,20.35770833,84.16527778,153.3049769,30,12.45466785,12.75419608,0.694446286,0.000284774,6.189702927,0.792519376
527837.2245,12.89782706,75.73711918,157.4538157,31,12.45466785,12.75419608,0.694446286,0.000284774,6.189702927,0.792519376
478103.8768,9.760949074,74.10636574,128.5277006,30,12.45466785,12.75419608,0.694446286,0.000284774,6.189702927,0.792519376
467263.471,5.489852151,75.55857975,140.3433766,31,12.45466785,12.75419608,0.694446286,0.000284774,6.189702927,0.792519376
360604.6561,-2.113575269,70.30320341,156.7973417,31,10.68551366,8.624924246,0.606434251,0.00025941,6.147033127,0.717206267
336124.9361,1.942956349,62.61458333,188.2471892,28,10.68551366,8.624924246,0.606434251,0.00025941,6.147033127,0.717206267
385191.8974,5.43313172,62.39908154,197.9807721,31,10.68551366,8.624924246,0.606434251,0.00025941,6.147033127,0.717206267
397730.9075,12.56460648,68.95763889,135.3763503,30,10.68551366,8.624924246,0.606434251,0.00025941,6.147033127,0.717206267
479457.2639,17.91901882,74.3156362,192.3388217,31,10.68551366,8.624924246,0.606434251,0.00025941,6.147033127,0.717206267
508792.5995,22.21377315,69.30104167,225.3063657,30,10.68551366,8.624924246,0.606434251,0.00025941,6.147033127,0.717206267
551228.6136,26.66420251,66.30790771,284.5905765,31,10.68551366,8.624924246,0.606434251,0.00025941,6.147033127,0.717206267
547527.9634,23.04596774,77.16319444,219.8065636,31,10.68551366,8.624924246,0.606434251,0.00025941,6.147033127,0.717206267
497181.1743,20.35770833,84.16527778,153.3049769,30,10.68551366,8.624924246,0.606434251,0.00025941,6.147033127,0.717206267
423597.6212,12.89782706,75.73711918,157.4538157,31,10.68551366,8.624924246,0.606434251,0.00025941,6.147033127,0.717206267
381703.7571,9.760949074,74.10636574,128.5277006,30,10.68551366,8.624924246,0.606434251,0.00025941,6.147033127,0.717206267
371312.1168,5.489852151,75.55857975,140.3433766,31,10.68551366,8.624924246,0.606434251,0.00025941,6.147033127,0.717206267
374562.9525,-2.113575269,70.30320341,156.7973417,31,9.272237108,10.24578664,0.561394375,0.000352215,5.011760281,0.855868187
349088.6898,1.942956349,62.61458333,188.2471892,28,9.272237108,10.24578664,0.561394375,0.000352215,5.011760281,0.855868187
399118.9339,5.43313172,62.39908154,197.9807721,31,9.272237108,10.24578664,0.561394375,0.000352215,5.011760281,0.855868187
417574.7139,12.56460648,68.95763889,135.3763503,30,9.272237108,10.24578664,0.561394375,0.000352215,5.011760281,0.855868187
509523.9389,17.91901882,74.3156362,192.3388217,31,9.272237108,10.24578664,0.561394375,0.000352215,5.011760281,0.855868187
545659.3869,22.21377315,69.30104167,225.3063657,30,9.272237108,10.24578664,0.561394375,0.000352215,5.011760281,0.855868187
599591.417,26.66420251,66.30790771,284.5905765,31,9.272237108,10.24578664,0.561394375,0.000352215,5.011760281,0.855868187
589906.4949,23.04596774,77.16319444,219.8065636,31,9.272237108,10.24578664,0.561394375,0.000352215,5.011760281,0.855868187
534432.3808,20.35770833,84.16527778,153.3049769,30,9.272237108,10.24578664,0.561394375,0.000352215,5.011760281,0.855868187
444541.6931,12.89782706,75.73711918,157.4538157,31,9.272237108,10.24578664,0.561394375,0.000352215,5.011760281,0.855868187
397771.6266,9.760949074,74.10636574,128.5277006,30,9.272237108,10.24578664,0.561394375,0.000352215,5.011760281,0.855868187
385926.7611,5.489852151,75.55857975,140.3433766,31,9.272237108,10.24578664,0.561394375,0.000352215,5.011760281,0.855868187
351918.6321,-2.113575269,70.30320341,156.7973417,31,9.004486163,9.208331489,0.581255524,0.000310918,5.785800839,0.814503189
327674.0518,1.942956349,62.61458333,188.2471892,28,9.004486163,9.208331489,0.581255524,0.000310918,5.785800839,0.814503189
374474.8993,5.43313172,62.39908154,197.9807721,31,9.004486163,9.208331489,0.581255524,0.000310918,5.785800839,0.814503189
388889.7078,12.56460648,68.95763889,135.3763503,30,9.004486163,9.208331489,0.581255524,0.000310918,5.785800839,0.814503189
470850.3002,17.91901882,74.3156362,192.3388217,31,9.004486163,9.208331489,0.581255524,0.000310918,5.785800839,0.814503189
501590.6431,22.21377315,69.30104167,225.3063657,30,9.004486163,9.208331489,0.581255524,0.000310918,5.785800839,0.814503189
547751.9989,26.66420251,66.30790771,284.5905765,31,9.004486163,9.208331489,0.581255524,0.000310918,5.785800839,0.814503189
540363.7166,23.04596774,77.16319444,219.8065636,31,9.004486163,9.208331489,0.581255524,0.000310918,5.785800839,0.814503189
490783.4528,20.35770833,84.16527778,153.3049769,30,9.004486163,9.208331489,0.581255524,0.000310918,5.785800839,0.814503189
414514.6593,12.89782706,75.73711918,157.4538157,31,9.004486163,9.208331489,0.581255524,0.000310918,5.785800839,0.814503189
372481.5818,9.760949074,74.10636574,128.5277006,30,9.004486163,9.208331489,0.581255524,0.000310918,5.785800839,0.814503189
362145.6062,5.489852151,75.55857975,140.3433766,31,9.004486163,9.208331489,0.581255524,0.000310918,5.785800839,0.814503189
389713.8862,-2.113575269,70.30320341,156.7973417,31,9.169002861,11.35710403,0.688315585,0.000246349,5.487271186,0.847455262
363689.1344,1.942956349,62.61458333,188.2471892,28,9.169002861,11.35710403,0.688315585,0.000246349,5.487271186,0.847455262
416256.6752,5.43313172,62.39908154,197.9807721,31,9.169002861,11.35710403,0.688315585,0.000246349,5.487271186,0.847455262
431578.1349,12.56460648,68.95763889,135.3763503,30,9.169002861,11.35710403,0.688315585,0.000246349,5.487271186,0.847455262
521086.697,17.91901882,74.3156362,192.3388217,31,9.169002861,11.35710403,0.688315585,0.000246349,5.487271186,0.847455262
554887.4581,22.21377315,69.30104167,225.3063657,30,9.169002861,11.35710403,0.688315585,0.000246349,5.487271186,0.847455262
605524.9478,26.66420251,66.30790771,284.5905765,31,9.169002861,11.35710403,0.688315585,0.000246349,5.487271186,0.847455262
599197.7656,23.04596774,77.16319444,219.8065636,31,9.169002861,11.35710403,0.688315585,0.000246349,5.487271186,0.847455262
543386.2885,20.35770833,84.16527778,153.3049769,30,9.169002861,11.35710403,0.688315585,0.000246349,5.487271186,0.847455262
459032.1026,12.89782706,75.73711918,157.4538157,31,9.169002861,11.35710403,0.688315585,0.000246349,5.487271186,0.847455262
412937.193,9.760949074,74.10636574,128.5277006,30,9.169002861,11.35710403,0.688315585,0.000246349,5.487271186,0.847455262
401945.7815,5.489852151,75.55857975,140.3433766,31,9.169002861,11.35710403,0.688315585,0.000246349,5.487271186,0.847455262
431683.7421,-2.113575269,70.30320341,156.7973417,31,11.35423883,12.16713703,0.621697857,0.000275349,4.969231669,0.804320434
403427.4399,1.942956349,62.61458333,188.2471892,28,11.35423883,12.16713703,0.621697857,0.000275349,4.969231669,0.804320434
463061.0991,5.43313172,62.39908154,197.9807721,31,11.35423883,12.16713703,0.621697857,0.000275349,4.969231669,0.804320434
480835.2554,12.56460648,68.95763889,135.3763503,30,11.35423883,12.16713703,0.621697857,0.000275349,4.969231669,0.804320434
583393.6246,17.91901882,74.3156362,192.3388217,31,11.35423883,12.16713703,0.621697857,0.000275349,4.969231669,0.804320434
623133.4388,22.21377315,69.30104167,225.3063657,30,11.35423883,12.16713703,0.621697857,0.000275349,4.969231669,0.804320434
680848.9566,26.66420251,66.30790771,284.5905765,31,11.35423883,12.16713703,0.621697857,0.000275349,4.969231669,0.804320434
673820.3055,23.04596774,77.16319444,219.8065636,31,11.35423883,12.16713703,0.621697857,0.000275349,4.969231669,0.804320434
609711.7547,20.35770833,84.16527778,153.3049769,30,11.35423883,12.16713703,0.621697857,0.000275349,4.969231669,0.804320434
510732.6292,12.89782706,75.73711918,157.4538157,31,11.35423883,12.16713703,0.621697857,0.000275349,4.969231669,0.804320434
458409.6555,9.760949074,74.10636574,128.5277006,30,11.35423883,12.16713703,0.621697857,0.000275349,4.969231669,0.804320434
445677.0464,5.489852151,75.55857975,140.3433766,31,11.35423883,12.16713703,0.621697857,0.000275349,4.969231669,0.804320434
418755.6664,-2.113575269,70.30320341,156.7973417,31,9.623952144,12.57250261,0.604203552,0.000279696,5.57482267,0.671996557
390551.0519,1.942956349,62.61458333,188.2471892,28,9.623952144,12.57250261,0.604203552,0.000279696,5.57482267,0.671996557
447640.6792,5.43313172,62.39908154,197.9807721,31,9.623952144,12.57250261,0.604203552,0.000279696,5.57482267,0.671996557
462015.5308,12.56460648,68.95763889,135.3763503,30,9.623952144,12.57250261,0.604203552,0.000279696,5.57482267,0.671996557
556184.5851,17.91901882,74.3156362,192.3388217,31,9.623952144,12.57250261,0.604203552,0.000279696,5.57482267,0.671996557
590702.9693,22.21377315,69.30104167,225.3063657,30,9.623952144,12.57250261,0.604203552,0.000279696,5.57482267,0.671996557
643041.8438,26.66420251,66.30790771,284.5905765,31,9.623952144,12.57250261,0.604203552,0.000279696,5.57482267,0.671996557
637354.5934,23.04596774,77.16319444,219.8065636,31,9.623952144,12.57250261,0.604203552,0.000279696,5.57482267,0.671996557
577585.6851,20.35770833,84.16527778,153.3049769,30,9.623952144,12.57250261,0.604203552,0.000279696,5.57482267,0.671996557
491107.565,12.89782706,75.73711918,157.4538157,31,9.623952144,12.57250261,0.604203552,0.000279696,5.57482267,0.671996557
442674.1974,9.760949074,74.10636574,128.5277006,30,9.623952144,12.57250261,0.604203552,0.000279696,5.57482267,0.671996557
431527.381,5.489852151,75.55857975,140.3433766,31,9.623952144,12.57250261,0.604203552,0.000279696,5.57482267,0.671996557
355893.973,-2.113575269,70.30320341,156.7973417,31,9.907698444,8.930295304,0.645792593,0.000244745,5.547461632,0.695043885
331936.6708,1.942956349,62.61458333,188.2471892,28,9.907698444,8.930295304,0.645792593,0.000244745,5.547461632,0.695043885
380056.2557,5.43313172,62.39908154,197.9807721,31,9.907698444,8.930295304,0.645792593,0.000244745,5.547461632,0.695043885
395265.9284,12.56460648,68.95763889,135.3763503,30,9.907698444,8.930295304,0.645792593,0.000244745,5.547461632,0.695043885
480079.7088,17.91901882,74.3156362,192.3388217,31,9.907698444,8.930295304,0.645792593,0.000244745,5.547461632,0.695043885
511795.9259,22.21377315,69.30104167,225.3063657,30,9.907698444,8.930295304,0.645792593,0.000244745,5.547461632,0.695043885
558921.4233,26.66420251,66.30790771,284.5905765,31,9.907698444,8.930295304,0.645792593,0.000244745,5.547461632,0.695043885
551902.5992,23.04596774,77.16319444,219.8065636,31,9.907698444,8.930295304,0.645792593,0.000244745,5.547461632,0.695043885
500591.0765,20.35770833,84.16527778,153.3049769,30,9.907698444,8.930295304,0.645792593,0.000244745,5.547461632,0.695043885
421036.5612,12.89782706,75.73711918,157.4538157,31,9.907698444,8.930295304,0.645792593,0.000244745,5.547461632,0.695043885
378104.1384,9.760949074,74.10636574,128.5277006,30,9.907698444,8.930295304,0.645792593,0.000244745,5.547461632,0.695043885
367135.0335,5.489852151,75.55857975,140.3433766,31,9.907698444,8.930295304,0.645792593,0.000244745,5.547461632,0.695043885
385848.196,-2.113575269,70.30320341,156.7973417,31,12.25614689,8.854493633,0.531592989,0.000314545,6.439539714,0.770907837
359631.3649,1.942956349,62.61458333,188.2471892,28,12.25614689,8.854493633,0.531592989,0.000314545,6.439539714,0.770907837
412549.4894,5.43313172,62.39908154,197.9807721,31,12.25614689,8.854493633,0.531592989,0.000314545,6.439539714,0.770907837
423255.87,12.56460648,68.95763889,135.3763503,30,12.25614689,8.854493633,0.531592989,0.000314545,6.439539714,0.770907837
507312.2305,17.91901882,74.3156362,192.3388217,31,12.25614689,8.854493633,0.531592989,0.000314545,6.439539714,0.770907837
537066.6772,22.21377315,69.30104167,225.3063657,30,12.25614689,8.854493633,0.531592989,0.000314545,6.439539714,0.770907837
578066.8982,26.66420251,66.30790771,284.5905765,31,12.25614689,8.854493633,0.531592989,0.000314545,6.439539714,0.770907837
577273.8818,23.04596774,77.16319444,219.8065636,31,12.25614689,8.854493633,0.531592989,0.000314545,6.439539714,0.770907837
524013.4535,20.35770833,84.16527778,153.3049769,30,12.25614689,8.854493633,0.531592989,0.000314545,6.439539714,0.770907837
450383.0175,12.89782706,75.73711918,157.4538157,31,12.25614689,8.854493633,0.531592989,0.000314545,6.439539714,0.770907837
406694.846,9.760949074,74.10636574,128.5277006,30,12.25614689,8.854493633,0.531592989,0.000314545,6.439539714,0.770907837
396529.6415,5.489852151,75.55857975,140.3433766,31,12.25614689,8.854493633,0.531592989,0.000314545,6.439539714,0.770907837
413598.0628,-2.113575269,70.30320341,156.7973417,31,11.723964,10.75524707,0.540346925,0.000338537,4.610682467,0.892815955
386076.9624,1.942956349,62.61458333,188.2471892,28,11.723964,10.75524707,0.540346925,0.000338537,4.610682467,0.892815955
442890.0396,5.43313172,62.39908154,197.9807721,31,11.723964,10.75524707,0.540346925,0.000338537,4.610682467,0.892815955
463694.7178,12.56460648,68.95763889,135.3763503,30,11.723964,10.75524707,0.540346925,0.000338537,4.610682467,0.892815955
567355.2081,17.91901882,74.3156362,192.3388217,31,11.723964,10.75524707,0.540346925,0.000338537,4.610682467,0.892815955
609107.5726,22.21377315,69.30104167,225.3063657,30,11.723964,10.75524707,0.540346925,0.000338537,4.610682467,0.892815955
669580.4613,26.66420251,66.30790771,284.5905765,31,11.723964,10.75524707,0.540346925,0.000338537,4.610682467,0.892815955
660533.5631,23.04596774,77.16319444,219.8065636,31,11.723964,10.75524707,0.540346925,0.000338537,4.610682467,0.892815955
596889.8143,20.35770833,84.16527778,153.3049769,30,11.723964,10.75524707,0.540346925,0.000338537,4.610682467,0.892815955
492859.6991,12.89782706,75.73711918,157.4538157,31,11.723964,10.75524707,0.540346925,0.000338537,4.610682467,0.892815955
440273.911,9.760949074,74.10636574,128.5277006,30,11.723964,10.75524707,0.540346925,0.000338537,4.610682467,0.892815955
426745.4578,5.489852151,75.55857975,140.3433766,31,11.723964,10.75524707,0.540346925,0.000338537,4.610682467,0.892815955
463656.6949,-2.113575269,70.30320341,156.7973417,31,12.89723898,12.87093608,0.594479223,0.000327332,6.06494254,0.763068754
432981.1475,1.942956349,62.61458333,188.2471892,28,12.89723898,12.87093608,0.594479223,0.000327332,6.06494254,0.763068754
497809.66,5.43313172,62.39908154,197.9807721,31,12.89723898,12.87093608,0.594479223,0.000327332,6.06494254,0.763068754
508862.8234,12.56460648,68.95763889,135.3763503,30,12.89723898,12.87093608,0.594479223,0.000327332,6.06494254,0.763068754
607397.7828,17.91901882,74.3156362,192.3388217,31,12.89723898,12.87093608,0.594479223,0.000327332,6.06494254,0.763068754
642904.0493,22.21377315,69.30104167,225.3063657,30,12.89723898,12.87093608,0.594479223,0.000327332,6.06494254,0.763068754
692040.4564,26.66420251,66.30790771,284.5905765,31,12.89723898,12.87093608,0.594479223,0.000327332,6.06494254,0.763068754
692131.5133,23.04596774,77.16319444,219.8065636,31,12.89723898,12.87093608,0.594479223,0.000327332,6.06494254,0.763068754
626320.7815,20.35770833,84.16527778,153.3049769,30,12.89723898,12.87093608,0.594479223,0.000327332,6.06494254,0.763068754
539866.1136,12.89782706,75.73711918,157.4538157,31,12.89723898,12.87093608,0.594479223,0.000327332,6.06494254,0.763068754
488558.7618,9.760949074,74.10636574,128.5277006,30,12.89723898,12.87093608,0.594479223,0.000327332,6.06494254,0.763068754
477178.7068,5.489852151,75.55857975,140.3433766,31,12.89723898,12.87093608,0.594479223,0.000327332,6.06494254,0.763068754
