Electricity:Facility,InteriorEquipment:Electricity,Heating:Gas,Site Outdoor Air Drybulb Temperature,Site Outdoor Air Relative Humidity,Site Direct Solar Radiation Rate per Area,days,tc1,tc2,tc3,tc4,tc5,tc6
375098.4412,179326.4434,337825.7661,-2.113575269,70.30320341,156.7973417,31,9.455503542,10.04524485,0.492359885,0.00031861,6.471773849,0.738086617
348718.419,165646.6369,172561.3648,1.942956349,62.61458333,188.2471892,28,9.455503542,10.04524485,0.492359885,0.00031861,6.471773849,0.738086617
398916.3726,190214.4527,110015.1066,5.43313172,62.39908154,197.9807721,31,9.455503542,10.04524485,0.492359885,0.00031861,6.471773849,0.738086617
410573.3742,176697.501,43622.40643,12.56460648,68.95763889,135.3763503,30,9.455503542,10.04524485,0.492359885,0.00031861,6.471773849,0.738086617
492583.7764,186585.1163,12507.36792,17.91901882,74.3156362,192.3388217,31,9.455503542,10.04524485,0.492359885,0.00031861,6.471773849,0.738086617
521249.1314,183234.9596,728.0048034,22.21377315,69.30104167,225.3063657,30,9.455503542,10.04524485,0.492359885,0.00031861,6.471773849,0.738086617
564421.9856,180047.6577,8.931825253,26.66420251,66.30790771,284.5905765,31,9.455503542,10.04524485,0.492359885,0.00031861,6.471773849,0.738086617
560071.492,190214.4527,1029.592944,23.04596774,77.16319444,219.8065636,31,9.455503542,10.04524485,0.492359885,0.00031861,6.471773849,0.738086617
509359.9751,176697.501,6116.685273,20.35770833,84.16527778,153.3049769,30,9.455503542,10.04524485,0.492359885,0.00031861,6.471773849,0.738086617
437402.5895,182955.7798,39559.11624,12.89782706,75.73711918,157.4538157,31,9.455503542,10.04524485,0.492359885,0.00031861,6.471773849,0.738086617
394991.0491,175976.2867,66752.95842,9.760949074,74.10636574,128.5277006,30,9.455503542,10.04524485,0.492359885,0.00031861,6.471773849,0.738086617
385046.8664,180047.6577,120528.3318,5.489852151,75.55857975,140.3433766,31,9.455503542,10.04524485,0.492359885,0.00031861,6.471773849,0.738086617
403798.1385,213074.7746,249819.54,-2.113575269,70.30320341,156.7973417,31,9.482202623,11.93570921,0.703248811,0.00028734,5.966185387,0.875260983
376530.4319,196820.4976,124990.4156,1.942956349,62.61458333,188.2471892,28,9.482202623,11.93570921,0.703248811,0.00028734,5.966185387,0.875260983
431267.9281,226011.8522,79634.49617,5.43313172,62.39908154,197.9807721,31,9.482202623,11.93570921,0.703248811,0.00028734,5.966185387,0.875260983
443905.6207,209951.0785,31087.57443,12.56460648,68.95763889,135.3763503,30,9.482202623,11.93570921,0.703248811,0.00028734,5.966185387,0.875260983
532550.8825,221699.493,8613.820994,17.91901882,74.3156362,192.3388217,31,9.482202623,11.93570921,0.703248811,0.00028734,5.966185387,0.875260983
564160.4976,217718.8538,457.1814516,22.21377315,69.30104167,225.3063657,30,9.482202623,11.93570921,0.703248811,0.00028734,5.966185387,0.875260983
611420.9074,213931.7178,4.863422328,26.66420251,66.30790771,284.5905765,31,9.482202623,11.93570921,0.703248811,0.00028734,5.966185387,0.875260983
607552.0586,226011.8522,683.4123957,23.04596774,77.16319444,219.8065636,31,9.482202623,11.93570921,0.703248811,0.00028734,5.966185387,0.875260983
551535.8353,209951.0785,4173.190685,20.35770833,84.16527778,153.3049769,30,9.482202623,11.93570921,0.703248811,0.00028734,5.966185387,0.875260983
471735.2289,217387.1338,28643.10629,12.89782706,75.73711918,157.4538157,31,9.482202623,11.93570921,0.703248811,0.00028734,5.966185387,0.875260983
426034.749,209094.1353,48313.70087,9.760949074,74.10636574,128.5277006,30,9.482202623,11.93570921,0.703248811,0.00028734,5.966185387,0.875260983
415829.6532,213931.7178,88784.26665,5.489852151,75.55857975,140.3433766,31,9.482202623,11.93570921,0.703248811,0.00028734,5.966185387,0.875260983
429879.7145,222809.3561,302026.1875,-2.113575269,70.30320341,156.7973417,31,10.50309522,12.48100668,0.518423391,0.000273168,5.39018484,0.65159973
401198.4733,205812.4825,150570.2003,1.942956349,62.61458333,188.2471892,28,10.50309522,12.48100668,0.518423391,0.000273168,5.39018484,0.65159973
460205.4977,236337.48,96395.34626,5.43313172,62.39908154,197.9807721,31,10.50309522,12.48100668,0.518423391,0.000273168,5.39018484,0.65159973
475817.0334,219542.9501,38449.52653,12.56460648,68.95763889,135.3763503,30,10.50309522,12.48100668,0.518423391,0.000273168,5.39018484,0.65159973
574444.7152,231828.1053,10615.64436,17.91901882,74.3156362,192.3388217,31,10.50309522,12.48100668,0.518423391,0.000273168,5.39018484,0.65159973
611191.6431,227665.6057,543.7503377,22.21377315,69.30104167,225.3063657,30,10.50309522,12.48100668,0.518423391,0.000273168,5.39018484,0.65159973
665864.6675,223705.4498,6.283099271,26.66420251,66.30790771,284.5905765,31,10.50309522,12.48100668,0.518423391,0.000273168,5.39018484,0.65159973
660190.7439,236337.48,842.7313557,23.04596774,77.16319444,219.8065636,31,10.50309522,12.48100668,0.518423391,0.000273168,5.39018484,0.65159973
597707.5672,219542.9501,5103.832462,20.35770833,84.16527778,153.3049769,30,10.50309522,12.48100668,0.518423391,0.000273168,5.39018484,0.65159973
506080.7254,227318.7307,35577.03136,12.89782706,75.73711918,157.4538157,31,10.50309522,12.48100668,0.518423391,0.000273168,5.39018484,0.65159973
455234.3775,218646.8565,60000.96315,9.760949074,74.10636574,128.5277006,30,10.50309522,12.48100668,0.518423391,0.000273168,5.39018484,0.65159973
443178.7118,223705.4498,108848.7513,5.489852151,75.55857975,140.3433766,31,10.50309522,12.48100668,0.518423391,0.000273168,5.39018484,0.65159973
403006.0208,219537.2421,324681.8999,-2.113575269,70.30320341,156.7973417,31,8.768354781,12.29771421,0.630560139,0.000265945,5.696292682,0.658855141
375780.6891,202789.9797,163605.8998,1.942956349,62.61458333,188.2471892,28,8.768354781,12.29771421,0.630560139,0.000265945,5.696292682,0.658855141
430267.3097,232866.6958,104033.0149,5.43313172,62.39908154,197.9807721,31,8.768354781,12.29771421,0.630560139,0.000265945,5.696292682,0.658855141
444379.9422,216318.8056,40280.54802,12.56460648,68.95763889,135.3763503,30,8.768354781,12.29771421,0.630560139,0.000265945,5.696292682,0.658855141
535313.915,228423.5446,11099.97363,17.91901882,74.3156362,192.3388217,31,8.768354781,12.29771421,0.630560139,0.000265945,5.696292682,0.658855141
567787.0368,224322.1742,560.0001967,22.21377315,69.30104167,225.3063657,30,8.768354781,12.29771421,0.630560139,0.000265945,5.696292682,0.658855141
618431.717,220420.176,4.918790386,26.66420251,66.30790771,284.5905765,31,8.768354781,12.29771421,0.630560139,0.000265945,5.696292682,0.658855141
611922.7041,232866.6958,850.2269174,23.04596774,77.16319444,219.8065636,31,8.768354781,12.29771421,0.630560139,0.000265945,5.696292682,0.658855141
555372.5729,216318.8056,5332.270299,20.35770833,84.16527778,153.3049769,30,8.768354781,12.29771421,0.630560139,0.000265945,5.696292682,0.658855141
472783.3915,223980.3934,37268.87863,12.89782706,75.73711918,157.4538157,31,8.768354781,12.29771421,0.630560139,0.000265945,5.696292682,0.658855141
426027.7034,215435.8717,62926.13583,9.760949074,74.10636574,128.5277006,30,8.768354781,12.29771421,0.630560139,0.000265945,5.696292682,0.658855141
415322.2233,220420.176,116021.7942,5.489852151,75.55857975,140.3433766,31,8.768354781,12.29771421,0.630560139,0.000265945,5.696292682,0.658855141
409462.3344,189202.9927,233979.9398,-2.113575269,70.30320341,156.7973417,31,12.00920042,10.59849486,0.714062242,0.000254284,6.59802007,0.90253269
382371.2176,174769.7598,116510.3489,1.942956349,62.61458333,188.2471892,28,12.00920042,10.59849486,0.714062242,0.000254284,6.59802007,0.90253269
438912.2623,200690.6679,74901.60779,5.43313172,62.39908154,197.9807721,31,12.00920042,10.59849486,0.714062242,0.000254284,6.59802007,0.90253269
448184.271,186429.2592,30233.52433,12.56460648,68.95763889,135.3763503,30,12.00920042,10.59849486,0.714062242,0.000254284,6.59802007,0.90253269
534026.8907,196861.4429,8569.78556,17.91901882,74.3156362,192.3388217,31,12.00920042,10.59849486,0.714062242,0.000254284,6.59802007,0.90253269
563395.9699,193326.7736,500.3025102,22.21377315,69.30104167,225.3063657,30,12.00920042,10.59849486,0.714062242,0.000254284,6.59802007,0.90253269
604552.1162,189963.9285,7.362578145,26.66420251,66.30790771,284.5905765,31,12.00920042,10.59849486,0.714062242,0.000254284,6.59802007,0.90253269
605417.1562,200690.6679,726.1028181,23.04596774,77.16319444,219.8065636,31,12.00920042,10.59849486,0.714062242,0.000254284,6.59802007,0.90253269
549808.4199,186429.2592,4254.197929,20.35770833,84.16527778,153.3049769,30,12.00920042,10.59849486,0.714062242,0.000254284,6.59802007,0.90253269
475891.4672,193032.2178,27764.67173,12.89782706,75.73711918,157.4538157,31,12.00920042,10.59849486,0.714062242,0.000254284,6.59802007,0.90253269
431311.1655,185668.3234,46721.50576,9.760949074,74.10636574,128.5277006,30,12.00920042,10.59849486,0.714062242,0.000254284,6.59802007,0.90253269
421444.5608,189963.9285,84194.84822,5.489852151,75.55857975,140.3433766,31,12.00920042,10.59849486,0.714062242,0.000254284,6.59802007,0.90253269
401725.4574,173068.5811,253260.6888,-2.113575269,70.30320341,156.7973417,31,12.60033709,9.694701127,0.665204178,0.00032293,4.700778889,0.917656945
375558.365,159866.1517,125600.3349,1.942956349,62.61458333,188.2471892,28,12.60033709,9.694701127,0.665204178,0.00032293,4.700778889,0.917656945
431144.2712,183576.6371,80560.46005,5.43313172,62.39908154,197.9807721,31,12.60033709,9.694701127,0.665204178,0.00032293,4.700778889,0.917656945
450570.4323,170531.3795,32974.77565,12.56460648,68.95763889,135.3763503,30,12.60033709,9.694701127,0.665204178,0.00032293,4.700778889,0.917656945
550760.6766,180073.9518,9530.784917,17.91901882,74.3156362,192.3388217,31,12.60033709,9.694701127,0.665204178,0.00032293,4.700778889,0.917656945
591285.7909,176840.7038,593.0403898,22.21377315,69.30104167,225.3063657,30,12.60033709,9.694701127,0.665204178,0.00032293,4.700778889,0.917656945
648342.3525,173764.6275,8.090267476,26.66420251,66.30790771,284.5905765,31,12.60033709,9.694701127,0.665204178,0.00032293,4.700778889,0.917656945
640048.865,183576.6371,822.148998,23.04596774,77.16319444,219.8065636,31,12.60033709,9.694701127,0.665204178,0.00032293,4.700778889,0.917656945
578504.4687,170531.3795,4732.427352,20.35770833,84.16527778,153.3049769,30,12.60033709,9.694701127,0.665204178,0.00032293,4.700778889,0.917656945
478549.3595,176571.2664,30058.07096,12.89782706,75.73711918,157.4538157,31,12.60033709,9.694701127,0.665204178,0.00032293,4.700778889,0.917656945
428042.0877,169835.3331,50567.70507,9.760949074,74.10636574,128.5277006,30,12.60033709,9.694701127,0.665204178,0.00032293,4.700778889,0.917656945
414913.3112,173764.6275,89938.87101,5.489852151,75.55857975,140.3433766,31,12.60033709,9.694701127,0.665204178,0.00032293,4.700778889,0.917656945
412583.5459,201361.4064,323980.2693,-2.113575269,70.30320341,156.7973417,31,11.16128053,11.27956698,0.657862794,0.000249671,4.804549433,0.638391737
385783.7543,186000.6764,161466.6514,1.942956349,62.61458333,188.2471892,28,11.16128053,11.27956698,0.657862794,0.000249671,4.804549433,0.638391737
442649.2251,213587.2935,103612.1586,5.43313172,62.39908154,197.9807721,31,11.16128053,11.27956698,0.657862794,0.000249671,4.804549433,0.638391737
461428.9265,198409.4293,41378.21253,12.56460648,68.95763889,135.3763503,30,11.16128053,11.27956698,0.657862794,0.000249671,4.804549433,0.638391737
561779.0217,209511.9978,11576.49186,17.91901882,74.3156362,192.3388217,31,11.16128053,11.27956698,0.657862794,0.000249671,4.804549433,0.638391737
601879.3598,205750.1864,619.6976979,22.21377315,69.30104167,225.3063657,30,11.16128053,11.27956698,0.657862794,0.000249671,4.804549433,0.638391737
658826.2616,202171.2408,8.044383632,26.66420251,66.30790771,284.5905765,31,11.16128053,11.27956698,0.657862794,0.000249671,4.804549433,0.638391737
651670.4455,213587.2935,944.1000674,23.04596774,77.16319444,219.8065636,31,11.16128053,11.27956698,0.657862794,0.000249671,4.804549433,0.638391737
589439.2053,198409.4293,5692.131308,20.35770833,84.16527778,153.3049769,30,11.16128053,11.27956698,0.657862794,0.000249671,4.804549433,0.638391737
490371.9468,205436.7021,38186.72603,12.89782706,75.73711918,157.4538157,31,11.16128053,11.27956698,0.657862794,0.000249671,4.804549433,0.638391737
439220.3033,197599.5949,64330.79522,9.760949074,74.10636574,128.5277006,30,11.16128053,11.27956698,0.657862794,0.000249671,4.804549433,0.638391737
426351.1508,202171.2408,116488.5645,5.489852151,75.55857975,140.3433766,31,11.16128053,11.27956698,0.657862794,0.000249671,4.804549433,0.638391737
366204.2076,163516.2148,307000.4073,-2.113575269,70.30320341,156.7973417,31,10.25367121,9.159610728,0.57192727,0.00030845,4.403809949,0.829889108
341951.0041,151042.4818,159399.6798,1.942956349,62.61458333,188.2471892,28,10.25367121,9.159610728,0.57192727,0.00030845,4.403809949,0.829889108
391313.2443,173444.288,100968.5983,5.43313172,62.39908154,197.9807721,31,10.25367121,9.159610728,0.57192727,0.00030845,4.403809949,0.829889108
414030.1922,161119.0518,40399.67482,12.56460648,68.95763889,135.3763503,30,10.25367121,9.159610728,0.57192727,0.00030845,4.403809949,0.829889108
511628.707,170134.9303,11757.84996,17.91901882,74.3156362,192.3388217,31,10.25367121,9.159610728,0.57192727,0.00030845,4.403809949,0.829889108
552547.3461,167080.1385,724.053777,22.21377315,69.30104167,225.3063657,30,10.25367121,9.159610728,0.57192727,0.00030845,4.403809949,0.829889108
612319.5275,164173.8436,8.867464704,26.66420251,66.30790771,284.5905765,31,10.25367121,9.159610728,0.57192727,0.00030845,4.403809949,0.829889108
599175.2064,173444.288,1007.624869,23.04596774,77.16319444,219.8065636,31,10.25367121,9.159610728,0.57192727,0.00030845,4.403809949,0.829889108
541596.8416,161119.0518,5771.835702,20.35770833,84.16527778,153.3049769,30,10.25367121,9.159610728,0.57192727,0.00030845,4.403809949,0.829889108
441019.2413,166825.5726,36601.7776,12.89782706,75.73711918,157.4538157,31,10.25367121,9.159610728,0.57192727,0.00030845,4.403809949,0.829889108
391867.3937,160461.423,61424.97346,9.760949074,74.10636574,128.5277006,30,10.25367121,9.159610728,0.57192727,0.00030845,4.403809949,0.829889108
378516.9998,164173.8436,110519.3584,5.489852151,75.55857975,140.3433766,31,10.25367121,9.159610728,0.57192727,0.00030845,4.403809949,0.829889108
405553.2741,175833.0034,254074.6017,-2.113575269,70.30320341,156.7973417,31,12.70554505,9.849554468,0.678653822,0.000334199,4.69233901,0.911823816
379160.7127,162419.6917,125628.2607,1.942956349,62.61458333,188.2471892,28,12.70554505,9.849554468,0.678653822,0.000334199,4.69233901,0.911823816
435280.3702,186508.9045,80554.74056,5.43313172,62.39908154,197.9807721,31,12.70554505,9.849554468,0.678653822,0.000334199,4.69233901,0.911823816
454817.2467,173255.2751,32973.34481,12.56460648,68.95763889,135.3763503,30,12.70554505,9.849554468,0.678653822,0.000334199,4.69233901,0.911823816
555801.1053,182950.2708,9526.174282,17.91901882,74.3156362,192.3388217,31,12.70554505,9.849554468,0.678653822,0.000334199,4.69233901,0.911823816
596351.0159,179665.3781,588.8615805,22.21377315,69.30104167,225.3063657,30,12.70554505,9.849554468,0.678653822,0.000334199,4.69233901,0.911823816
653427.6402,176540.1678,7.974601657,26.66420251,66.30790771,284.5905765,31,12.70554505,9.849554468,0.678653822,0.000334199,4.69233901,0.911823816
645635.1014,186508.9045,818.6420728,23.04596774,77.16319444,219.8065636,31,12.70554505,9.849554468,0.678653822,0.000334199,4.69233901,0.911823816
583434.9679,173255.2751,4716.881583,20.35770833,84.16527778,153.3049769,30,12.70554505,9.849554468,0.678653822,0.000334199,4.69233901,0.911823816
482883.9682,179391.6371,30089.97774,12.89782706,75.73711918,157.4538157,31,12.70554505,9.849554468,0.678653822,0.000334199,4.69233901,0.911823816
431954.6823,172548.1107,50605.25566,9.760949074,74.10636574,128.5277006,30,12.70554505,9.849554468,0.678653822,0.000334199,4.69233901,0.911823816
418793.069,176540.1678,89999.57613,5.489852151,75.55857975,140.3433766,31,12.70554505,9.849554468,0.678653822,0.000334199,4.69233901,0.911823816
411190.7111,207137.0835,246815.5882,-2.113575269,70.30320341,156.7973417,31,10.33108032,11.60310037,0.580753872,0.000358007,5.092168081,0.931309054
383236.1662,191335.7595,121816.8637,1.942956349,62.61458333,188.2471892,28,10.33108032,11.60310037,0.580753872,0.000358007,5.092168081,0.931309054
439065.0779,219713.6474,77453.93035,5.43313172,62.39908154,197.9807721,31,10.33108032,11.60310037,0.580753872,0.000358007,5.092168081,0.931309054
456723.4478,204100.4345,30799.02447,12.56460648,68.95763889,135.3763503,30,10.33108032,11.60310037,0.580753872,0.000358007,5.092168081,0.931309054
554187.414,215521.4594,8649.751232,17.91901882,74.3156362,192.3388217,31,10.33108032,11.60310037,0.580753872,0.000358007,5.092168081,0.931309054
592159.2516,211651.7475,473.6086884,22.21377315,69.30104167,225.3063657,30,10.33108032,11.60310037,0.580753872,0.000358007,5.092168081,0.931309054
647718.7606,207970.1465,6.329053448,26.66420251,66.30790771,284.5905765,31,10.33108032,11.60310037,0.580753872,0.000358007,5.092168081,0.931309054
640190.3548,219713.6474,692.7337107,23.04596774,77.16319444,219.8065636,31,10.33108032,11.60310037,0.580753872,0.000358007,5.092168081,0.931309054
579596.0808,204100.4345,4188.554275,20.35770833,84.16527778,153.3049769,30,10.33108032,11.60310037,0.580753872,0.000358007,5.092168081,0.931309054
485465.0822,211329.2715,28246.90252,12.89782706,75.73711918,157.4538157,31,10.33108032,11.60310037,0.580753872,0.000358007,5.092168081,0.931309054
435536.1118,203267.3715,47617.85571,9.760949074,74.10636574,128.5277006,30,10.33108032,11.60310037,0.580753872,0.000358007,5.092168081,0.931309054
423505.4636,207970.1465,86209.30914,5.489852151,75.55857975,140.3433766,31,10.33108032,11.60310037,0.580753872,0.000358007,5.092168081,0.931309054
417915.8578,195102.2636,269970.1303,-2.113575269,70.30320341,156.7973417,31,11.81220364,10.92895153,0.541152987,0.000362236,6.338999708,0.841542069
389195.9382,180219.0084,132492.8971,1.942956349,62.61458333,188.2471892,28,11.81220364,10.92895153,0.541152987,0.000362236,6.338999708,0.841542069
446568.3492,206948.1198,84819.35491,5.43313172,62.39908154,197.9807721,31,11.81220364,10.92895153,0.541152987,0.000362236,6.338999708,0.841542069
457282.4728,192242.0462,34402.61511,12.56460648,68.95763889,135.3763503,30,11.81220364,10.92895153,0.541152987,0.000362236,6.338999708,0.841542069
546569.7442,202999.501,9813.978784,17.91901882,74.3156362,192.3388217,31,11.81220364,10.92895153,0.541152987,0.000362236,6.338999708,0.841542069
577572.0499,199354.6222,564.8298104,22.21377315,69.30104167,225.3063657,30,11.81220364,10.92895153,0.541152987,0.000362236,6.338999708,0.841542069
622101.5317,195886.925,8.32712963,26.66420251,66.30790771,284.5905765,31,11.81220364,10.92895153,0.541152987,0.000362236,6.338999708,0.841542069
621545.1039,206948.1198,817.8008212,23.04596774,77.16319444,219.8065636,31,11.81220364,10.92895153,0.541152987,0.000362236,6.338999708,0.841542069
563867.1819,192242.0462,4804.4603,20.35770833,84.16527778,153.3049769,30,11.81220364,10.92895153,0.541152987,0.000362236,6.338999708,0.841542069
485894.108,199050.8823,31507.68473,12.89782706,75.73711918,157.4538157,31,11.81220364,10.92895153,0.541152987,0.000362236,6.338999708,0.841542069
439580.4622,191457.3848,53047.24508,9.760949074,74.10636574,128.5277006,30,11.81220364,10.92895153,0.541152987,0.000362236,6.338999708,0.841542069
429137.7188,195886.925,94765.54722,5.489852151,75.55857975,140.3433766,31,11.81220364,10.92895153,0.541152987,0.000362236,6.338999708,0.841542069
374658.2432,186925.3967,343018.2883,-2.113575269,70.30320341,156.7973417,31,8.744689457,10.47091184,0.485545433,0.000349167,6.254306229,0.741158742
348286.1598,172665.9087,178068.6436,1.942956349,62.61458333,188.2471892,28,8.744689457,10.47091184,0.485545433,0.000349167,6.254306229,0.741158742
397956.0251,198274.7851,111560.17,5.43313172,62.39908154,197.9807721,31,8.744689457,10.47091184,0.485545433,0.000349167,6.254306229,0.741158742
410506.8511,184185.0529,43868.96468,12.56460648,68.95763889,135.3763503,30,8.744689457,10.47091184,0.485545433,0.000349167,6.254306229,0.741158742
493459.3928,194491.6556,12479.99465,17.91901882,74.3156362,192.3388217,31,8.744689457,10.47091184,0.485545433,0.000349167,6.254306229,0.741158742
522856.4698,190999.5361,710.3121019,22.21377315,69.30104167,225.3063657,30,8.744689457,10.47091184,0.485545433,0.000349167,6.254306229,0.741158742
568131.56,187677.1724,8.305672398,26.66420251,66.30790771,284.5905765,31,8.744689457,10.47091184,0.485545433,0.000349167,6.254306229,0.741158742
562550.0056,198274.7851,1009.178781,23.04596774,77.16319444,219.8065636,31,8.744689457,10.47091184,0.485545433,0.000349167,6.254306229,0.741158742
510991.8946,184185.0529,6050.190638,20.35770833,84.16527778,153.3049769,30,8.744689457,10.47091184,0.485545433,0.000349167,6.254306229,0.741158742
437464.0857,190708.5262,39782.17376,12.89782706,75.73711918,157.4538157,31,8.744689457,10.47091184,0.485545433,0.000349167,6.254306229,0.741158742
394507.8698,183433.2772,67118.40211,9.760949074,74.10636574,128.5277006,30,8.744689457,10.47091184,0.485545433,0.000349167,6.254306229,0.741158742
384538.6798,187677.1724,121992.2478,5.489852151,75.55857975,140.3433766,31,8.744689457,10.47091184,0.485545433,0.000349167,6.254306229,0.741158742
365694.1538,171247.3914,400805.5245,-2.113575269,70.30320341,156.7973417,31,9.824850443,9.592684405,0.72491063,0.000297662,5.874959653,0.630027989
340905.8184,158183.8904,204821.7116,1.942956349,62.61458333,188.2471892,28,9.824850443,9.592684405,0.72491063,0.000297662,5.874959653,0.630027989
390270.2517,181644.8719,131369.2334,5.43313172,62.39908154,197.9807721,31,9.824850443,9.592684405,0.72491063,0.000297662,5.874959653,0.630027989
403709.3274,168736.8887,51766.66185,12.56460648,68.95763889,135.3763503,30,9.824850443,9.592684405,0.72491063,0.000297662,5.874959653,0.630027989
486996.3343,178179.0451,14890.10492,17.91901882,74.3156362,192.3388217,31,9.824850443,9.592684405,0.72491063,0.000297662,5.874959653,0.630027989
517294.9337,174979.8203,885.8823217,22.21377315,69.30104167,225.3063657,30,9.824850443,9.592684405,0.72491063,0.000297662,5.874959653,0.630027989
562947.6321,171936.1134,11.07868536,26.66420251,66.30790771,284.5905765,31,9.824850443,9.592684405,0.72491063,0.000297662,5.874959653,0.630027989
557021.7773,181644.8719,1252.082819,23.04596774,77.16319444,219.8065636,31,9.824850443,9.592684405,0.72491063,0.000297662,5.874959653,0.630027989
505914.5186,168736.8887,7313.338529,20.35770833,84.16527778,153.3049769,30,9.824850443,9.592684405,0.72491063,0.000297662,5.874959653,0.630027989
429558.1783,174713.2182,46995.27693,12.89782706,75.73711918,157.4538157,31,9.824850443,9.592684405,0.72491063,0.000297662,5.874959653,0.630027989
386898.9416,168048.1667,79062.3742,9.760949074,74.10636574,128.5277006,30,9.824850443,9.592684405,0.72491063,0.000297662,5.874959653,0.630027989
376624.1266,171936.1134,143550.3116,5.489852151,75.55857975,140.3433766,31,9.824850443,9.592684405,0.72491063,0.000297662,5.874959653,0.630027989
423687.3333,211725.4871,284803.0234,-2.113575269,70.30320341,156.7973417,31,11.24761396,11.86012681,0.677599597,0.000263765,4.846990893,0.704598749
396168.3846,195574.1396,141485.6847,1.942956349,62.61458333,188.2471892,28,11.24761396,11.86012681,0.677599597,0.000263765,4.846990893,0.704598749
454653.1321,224580.6412,90688.51597,5.43313172,62.39908154,197.9807721,31,11.24761396,11.86012681,0.677599597,0.000263765,4.846990893,0.704598749
473028.9812,208621.5717,36257.50122,12.56460648,68.95763889,135.3763503,30,11.24761396,11.86012681,0.677599597,0.000263765,4.846990893,0.704598749
575123.0214,220295.5899,10072.63861,17.91901882,74.3156362,192.3388217,31,11.24761396,11.86012681,0.677599597,0.000263765,4.846990893,0.704598749
615019.0509,216340.1578,529.462278,22.21377315,69.30104167,225.3063657,30,11.24761396,11.86012681,0.677599597,0.000263765,4.846990893,0.704598749
673214.0052,212577.0037,6.649312825,26.66420251,66.30790771,284.5905765,31,11.24761396,11.86012681,0.677599597,0.000263765,4.846990893,0.704598749
665978.4377,224580.6412,813.2980244,23.04596774,77.16319444,219.8065636,31,11.24761396,11.86012681,0.677599597,0.000263765,4.846990893,0.704598749
602194.8418,208621.5717,4919.512872,20.35770833,84.16527778,153.3049769,30,11.24761396,11.86012681,0.677599597,0.000263765,4.846990893,0.704598749
502503.7532,216010.5385,33545.56499,12.89782706,75.73711918,157.4538157,31,11.24761396,11.86012681,0.677599597,0.000263765,4.846990893,0.704598749
450554.1935,207770.0551,56457.65418,9.760949074,74.10636574,128.5277006,30,11.24761396,11.86012681,0.677599597,0.000263765,4.846990893,0.704598749
437720.6552,212577.0037,102441.0234,5.489852151,75.55857975,140.3433766,31,11.24761396,11.86012681,0.677599597,0.000263765,4.846990893,0.704598749
393666.3636,166739.9235,343172.8303,-2.113575269,70.30320341,156.7973417,31,12.11719078,9.340191701,0.50663411,0.000304837,5.256828029,0.68521525
367176.7001,154020.2719,171466.089,1.942956349,62.61458333,188.2471892,28,12.11719078,9.340191701,0.50663411,0.000304837,5.256828029,0.68521525
421337.0258,176863.7279,110527.0187,5.43313172,62.39908154,197.9807721,31,12.11719078,9.340191701,0.50663411,0.000304837,5.256828029,0.68521525
437818.3929,164295.5007,45332.62088,12.56460648,68.95763889,135.3763503,30,12.11719078,9.340191701,0.50663411,0.000304837,5.256828029,0.68521525
532223.4665,173489.1265,13184.82014,17.91901882,74.3156362,192.3388217,31,12.11719078,9.340191701,0.50663411,0.000304837,5.256828029,0.68521525
568323.6614,170374.1097,827.4483231,22.21377315,69.30104167,225.3063657,30,12.11719078,9.340191701,0.50663411,0.000304837,5.256828029,0.68521525
619320.6642,167410.5174,11.4717114,26.66420251,66.30790771,284.5905765,31,12.11719078,9.340191701,0.50663411,0.000304837,5.256828029,0.68521525
613554.3418,176863.7279,1143.871876,23.04596774,77.16319444,219.8065636,31,12.11719078,9.340191701,0.50663411,0.000304837,5.256828029,0.68521525
555896.9823,164295.5007,6554.004469,20.35770833,84.16527778,153.3049769,30,12.11719078,9.340191701,0.50663411,0.000304837,5.256828029,0.68521525
465917.5957,170114.525,41178.41604,12.89782706,75.73711918,157.4538157,31,12.11719078,9.340191701,0.50663411,0.000304837,5.256828029,0.68521525
417926.1538,163624.9068,69324.95165,9.760949074,74.10636574,128.5277006,30,12.11719078,9.340191701,0.50663411,0.000304837,5.256828029,0.68521525
405623.5557,167410.5174,122984.3386,5.489852151,75.55857975,140.3433766,31,12.11719078,9.340191701,0.50663411,0.000304837,5.256828029,0.68521525
396485.7945,177131.5966,316783.6721,-2.113575269,70.30320341,156.7973417,31,11.4892063,9.922297153,0.508421381,0.000290631,5.829273407,0.725568168
369458.9235,163619.2226,157970.0466,1.942956349,62.61458333,188.2471892,28,11.4892063,9.922297153,0.508421381,0.000290631,5.829273407,0.725568168
423801.4029,187886.3433,101612.3597,5.43313172,62.39908154,197.9807721,31,11.4892063,9.922297153,0.508421381,0.000290631,5.829273407,0.725568168
437238.2889,174534.8309,41282.9443,12.56460648,68.95763889,135.3763503,30,11.4892063,9.922297153,0.508421381,0.000290631,5.829273407,0.725568168
527187.6962,184301.4277,11814.54776,17.91901882,74.3156362,192.3388217,31,11.4892063,9.922297153,0.508421381,0.000290631,5.829273407,0.725568168
559845.0654,180992.2749,697.721916,22.21377315,69.30104167,225.3063657,30,11.4892063,9.922297153,0.508421381,0.000290631,5.829273407,0.725568168
606404.4922,177843.9837,10.07164975,26.66420251,66.30790771,284.5905765,31,11.4892063,9.922297153,0.508421381,0.000290631,5.829273407,0.725568168
603134.3633,187886.3433,999.8555656,23.04596774,77.16319444,219.8065636,31,11.4892063,9.922297153,0.508421381,0.000290631,5.829273407,0.725568168
546985.4076,174534.8309,5870.643278,20.35770833,84.16527778,153.3049769,30,11.4892063,9.922297153,0.508421381,0.000290631,5.829273407,0.725568168
465329.2147,180716.5122,37557.79104,12.89782706,75.73711918,157.4538157,31,11.4892063,9.922297153,0.508421381,0.000290631,5.829273407,0.725568168
419024.6943,173822.4438,63265.22169,9.760949074,74.10636574,128.5277006,30,11.4892063,9.922297153,0.508421381,0.000290631,5.829273407,0.725568168
407966.981,177843.9837,113170.3451,5.489852151,75.55857975,140.3433766,31,11.4892063,9.922297153,0.508421381,0.000290631,5.829273407,0.725568168
408322.7607,198162.9792,294929.0941,-2.113575269,70.30320341,156.7973417,31,10.97065774,11.1004022,0.637763439,0.000344433,5.167383682,0.780345976
380939.7826,183046.2392,145646.9295,1.942956349,62.61458333,188.2471892,28,10.97065774,11.1004022,0.637763439,0.000344433,5.167383682,0.780345976
436651.5188,210194.6702,92828.98095,5.43313172,62.39908154,197.9807721,31,10.97065774,11.1004022,0.637763439,0.000344433,5.167383682,0.780345976
453655.7234,195257.8914,37133.39609,12.56460648,68.95763889,135.3763503,30,10.97065774,11.1004022,0.637763439,0.000344433,5.167383682,0.780345976
549654.193,206184.1065,10515.67537,17.91901882,74.3156362,192.3388217,31,10.97065774,11.1004022,0.637763439,0.000344433,5.167383682,0.780345976
586899.0331,202482.0478,591.9184657,22.21377315,69.30104167,225.3063657,30,10.97065774,11.1004022,0.637763439,0.000344433,5.167383682,0.780345976
640957.4691,198959.9502,8.563749831,26.66420251,66.30790771,284.5905765,31,10.97065774,11.1004022,0.637763439,0.000344433,5.167383682,0.780345976
634287.8664,210194.6702,859.5318994,23.04596774,77.16319444,219.8065636,31,10.97065774,11.1004022,0.637763439,0.000344433,5.167383682,0.780345976
573914.1182,195257.8914,5135.199076,20.35770833,84.16527778,153.3049769,30,10.97065774,11.1004022,0.637763439,0.000344433,5.167383682,0.780345976
481858.1226,202173.5429,34040.76264,12.89782706,75.73711918,157.4538157,31,10.97065774,11.1004022,0.637763439,0.000344433,5.167383682,0.780345976
432598.9451,194460.9204,57318.52891,9.760949074,74.10636574,128.5277006,30,10.97065774,11.1004022,0.637763439,0.000344433,5.167383682,0.780345976
420792.598,198959.9502,103411.1338,5.489852151,75.55857975,140.3433766,31,10.97065774,11.1004022,0.637763439,0.000344433,5.167383682,0.780345976
410514.7042,208113.7187,251418.8257,-2.113575269,70.30320341,156.7973417,31,10.17883992,11.65780808,0.555629574,0.000300899,4.485585073,0.867923293
383295.1219,192237.8928,124892.1417,1.942956349,62.61458333,188.2471892,28,10.17883992,11.65780808,0.555629574,0.000300899,4.485585073,0.867923293
439358.5724,220749.5802,79885.73993,5.43313172,62.39908154,197.9807721,31,10.17883992,11.65780808,0.555629574,0.000300899,4.485585073,0.867923293
461445.5328,205062.7522,31719.46431,12.56460648,68.95763889,135.3763503,30,10.17883992,11.65780808,0.555629574,0.000300899,4.485585073,0.867923293
565894.031,216537.6264,8854.836771,17.91901882,74.3156362,192.3388217,31,10.17883992,11.65780808,0.555629574,0.000300899,4.485585073,0.867923293
608384.278,212649.669,479.7497825,22.21377315,69.30104167,225.3063657,30,10.17883992,11.65780808,0.555629574,0.000300899,4.485585073,0.867923293
671382.3592,208950.7096,6.003777707,26.66420251,66.30790771,284.5905765,31,10.17883992,11.65780808,0.555629574,0.000300899,4.485585073,0.867923293
660385.5105,220749.5802,713.1469062,23.04596774,77.16319444,219.8065636,31,10.17883992,11.65780808,0.555629574,0.000300899,4.485585073,0.867923293
596787.6285,205062.7522,4294.695399,20.35770833,84.16527778,153.3049769,30,10.17883992,11.65780808,0.555629574,0.000300899,4.485585073,0.867923293
490601.9482,212325.6726,29060.72445,12.89782706,75.73711918,157.4538157,31,10.17883992,11.65780808,0.555629574,0.000300899,4.485585073,0.867923293
437850.3429,204225.7613,49146.30271,9.760949074,74.10636574,128.5277006,30,10.17883992,11.65780808,0.555629574,0.000300899,4.485585073,0.867923293
424183.7197,208950.7096,89263.78187,5.489852151,75.55857975,140.3433766,31,10.17883992,11.65780808,0.555629574,0.000300899,4.485585073,0.867923293
402155.288,192753.9761,307402.7288,-2.113575269,70.30320341,156.7973417,31,10.87307386,10.79740862,0.616029644,0.000336139,5.301690391,0.758472855
375006.1248,178049.8586,152417.6341,1.942956349,62.61458333,188.2471892,28,10.87307386,10.79740862,0.616029644,0.000336139,5.301690391,0.758472855
429962.6686,204457.2533,97340.56583,5.43313172,62.39908154,197.9807721,31,10.87307386,10.79740862,0.616029644,0.000336139,5.301690391,0.758472855
446118.0239,189928.1848,38954.37825,12.56460648,68.95763889,135.3763503,30,10.87307386,10.79740862,0.616029644,0.000336139,5.301690391,0.758472855
540331.6992,200556.1609,11066.31141,17.91901882,74.3156362,192.3388217,31,10.87307386,10.79740862,0.616029644,0.000336139,5.301690391,0.758472855
575958.4919,196955.1526,622.6297969,22.21377315,69.30104167,225.3063657,30,10.87307386,10.79740862,0.616029644,0.000336139,5.301690391,0.758472855
628871.2315,193529.1932,9.227975647,26.66420251,66.30790771,284.5905765,31,10.87307386,10.79740862,0.616029644,0.000336139,5.301690391,0.758472855
622171.9995,204457.2533,913.7443123,23.04596774,77.16319444,219.8065636,31,10.87307386,10.79740862,0.616029644,0.000336139,5.301690391,0.758472855
563417.2346,189928.1848,5422.42475,20.35770833,84.16527778,153.3049769,30,10.87307386,10.79740862,0.616029644,0.000336139,5.301690391,0.758472855
474079.3202,196655.0685,35634.91103,12.89782706,75.73711918,157.4538157,31,10.87307386,10.79740862,0.616029644,0.000336139,5.301690391,0.758472855
425916.3276,189152.9677,60035.47901,9.760949074,74.10636574,128.5277006,30,10.87307386,10.79740862,0.616029644,0.000336139,5.301690391,0.758472855
414306.8832,193529.1932,108186.8603,5.489852151,75.55857975,140.3433766,31,10.87307386,10.79740862,0.616029644,0.000336139,5.301690391,0.758472855
453707.4355,227686.2988,229630.8494,-2.113575269,70.30320341,156.7973417,31,12.45466785,12.75419608,0.694446286,0.000284774,6.189702927,0.792519376
424090.7972,210317.3907,114251.0084,1.942956349,62.61458333,188.2471892,28,12.45466785,12.75419608,0.694446286,0.000284774,6.189702927,0.792519376
487331.6738,241510.5318,73617.92373,5.43313172,62.39908154,197.9807721,31,12.45466785,12.75419608,0.694446286,0.000284774,6.189702927,0.792519376
497642.8426,224348.3964,29989.55857,12.56460648,68.95763889,135.3763503,30,12.45466785,12.75419608,0.694446286,0.000284774,6.189702927,0.792519376
593055.3563,236902.4542,8264.995817,17.91901882,74.3156362,192.3388217,31,12.45466785,12.75419608,0.694446286,0.000284774,6.189702927,0.792519376
627174.9888,232648.844,433.6003096,22.21377315,69.30104167,225.3063657,30,12.45466785,12.75419608,0.694446286,0.000284774,6.189702927,0.792519376
673929.6555,228602.0066,8.002817026,26.66420251,66.30790771,284.5905765,31,12.45466785,12.75419608,0.694446286,0.000284774,6.189702927,0.792519376
674511.5345,241510.5318,672.3653555,23.04596774,77.16319444,219.8065636,31,12.45466785,12.75419608,0.694446286,0.000284774,6.189702927,0.792519376
610954.9429,224348.3964,3975.71489,20.35770833,84.16527778,153.3049769,30,12.45466785,12.75419608,0.694446286,0.000284774,6.189702927,0.792519376
527837.2245,232294.3765,27756.42223,12.89782706,75.73711918,157.4538157,31,12.45466785,12.75419608,0.694446286,0.000284774,6.189702927,0.792519376
478103.8768,223432.6887,46691.41274,9.760949074,74.10636574,128.5277006,30,12.45466785,12.75419608,0.694446286,0.000284774,6.189702927,0.792519376
467263.471,228602.0066,84069.89712,5.489852151,75.55857975,140.3433766,31,12.45466785,12.75419608,0.694446286,0.000284774,6.189702927,0.792519376
360604.6561,153971.0592,349233.8042,-2.113575269,70.30320341,156.7973417,31,10.68551366,8.624924246,0.606434251,0.00025941,6.147033127,0.717206267
336124.9361,142225.4724,179130.0063,1.942956349,62.61458333,188.2471892,28,10.68551366,8.624924246,0.606434251,0.00025941,6.147033127,0.717206267
385191.8974,163319.5874,115963.9002,5.43313172,62.39908154,197.9807721,31,10.68551366,8.624924246,0.606434251,0.00025941,6.147033127,0.717206267
397730.9075,151713.8291,46517.82767,12.56460648,68.95763889,135.3763503,30,10.68551366,8.624924246,0.606434251,0.00025941,6.147033127,0.717206267
479457.2639,160203.4114,13615.98193,17.91901882,74.3156362,192.3388217,31,10.68551366,8.624924246,0.606434251,0.00025941,6.147033127,0.717206267
508792.5995,157326.9411,839.3711866,22.21377315,69.30104167,225.3063657,30,10.68551366,8.624924246,0.606434251,0.00025941,6.147033127,0.717206267
551228.6136,154590.2993,11.95119585,26.66420251,66.30790771,284.5905765,31,10.68551366,8.624924246,0.606434251,0.00025941,6.147033127,0.717206267
547527.9634,163319.5874,1198.359723,23.04596774,77.16319444,219.8065636,31,10.68551366,8.624924246,0.606434251,0.00025941,6.147033127,0.717206267
497181.1743,151713.8291,6742.206477,20.35770833,84.16527778,153.3049769,30,10.68551366,8.624924246,0.606434251,0.00025941,6.147033127,0.717206267
423597.6212,157087.2353,42136.04697,12.89782706,75.73711918,157.4538157,31,10.68551366,8.624924246,0.606434251,0.00025941,6.147033127,0.717206267
381703.7571,151094.589,70698.53306,9.760949074,74.10636574,128.5277006,30,10.68551366,8.624924246,0.606434251,0.00025941,6.147033127,0.717206267
371312.1168,154590.2993,126937.4503,5.489852151,75.55857975,140.3433766,31,10.68551366,8.624924246,0.606434251,0.00025941,6.147033127,0.717206267
374562.9525,182906.4902,298156.6435,-2.113575269,70.30320341,156.7973417,31,9.272237108,10.24578664,0.561394375,0.000352215,5.011760281,0.855868187
349088.6898,168953.582,154782.0945,1.942956349,62.61458333,188.2471892,28,9.272237108,10.24578664,0.561394375,0.000352215,5.011760281,0.855868187
399118.9339,194011.8661,96760.06169,5.43313172,62.39908154,197.9807721,31,9.272237108,10.24578664,0.561394375,0.000352215,5.011760281,0.855868187
417574.7139,180225.064,38183.5566,12.56460648,68.95763889,135.3763503,30,9.272237108,10.24578664,0.561394375,0.000352215,5.011760281,0.855868187
509523.9389,190310.0741,10909.47794,17.91901882,74.3156362,192.3388217,31,9.272237108,10.24578664,0.561394375,0.000352215,5.011760281,0.855868187
545659.3869,186893.0354,635.9495491,22.21377315,69.30104167,225.3063657,30,9.272237108,10.24578664,0.561394375,0.000352215,5.011760281,0.855868187
599591.417,183642.1027,7.249861136,26.66420251,66.30790771,284.5905765,31,9.272237108,10.24578664,0.561394375,0.000352215,5.011760281,0.855868187
589906.4949,194011.8661,891.8295137,23.04596774,77.16319444,219.8065636,31,9.272237108,10.24578664,0.561394375,0.000352215,5.011760281,0.855868187
534432.3808,180225.064,5306.139834,20.35770833,84.16527778,153.3049769,30,9.272237108,10.24578664,0.561394375,0.000352215,5.011760281,0.855868187
444541.6931,186608.2822,34658.19902,12.89782706,75.73711918,157.4538157,31,9.272237108,10.24578664,0.561394375,0.000352215,5.011760281,0.855868187
397771.6266,179489.4515,58388.51492,9.760949074,74.10636574,128.5277006,30,9.272237108,10.24578664,0.561394375,0.000352215,5.011760281,0.855868187
385926.7611,183642.1027,105958.1106,5.489852151,75.55857975,140.3433766,31,9.272237108,10.24578664,0.561394375,0.000352215,5.011760281,0.855868187
351918.6321,164385.9717,325233.4395,-2.113575269,70.30320341,156.7973417,31,9.004486163,9.208331489,0.581255524,0.000310918,5.785800839,0.814503189
327674.0518,151845.8898,171484.1977,1.942956349,62.61458333,188.2471892,28,9.004486163,9.208331489,0.581255524,0.000310918,5.785800839,0.814503189
374474.8993,174366.8532,108716.4992,5.43313172,62.39908154,197.9807721,31,9.004486163,9.208331489,0.581255524,0.000310918,5.785800839,0.814503189
388889.7078,161976.058,42734.22604,12.56460648,68.95763889,135.3763503,30,9.004486163,9.208331489,0.581255524,0.000310918,5.785800839,0.814503189
470850.3002,171039.8927,12406.12787,17.91901882,74.3156362,192.3388217,31,9.004486163,9.208331489,0.581255524,0.000310918,5.785800839,0.814503189
501590.6431,167968.8522,746.0396364,22.21377315,69.30104167,225.3063657,30,9.004486163,9.208331489,0.581255524,0.000310918,5.785800839,0.814503189
547751.9989,165047.0984,8.584091423,26.66420251,66.30790771,284.5905765,31,9.004486163,9.208331489,0.581255524,0.000310918,5.785800839,0.814503189
540363.7166,174366.8532,1047.724747,23.04596774,77.16319444,219.8065636,31,9.004486163,9.208331489,0.581255524,0.000310918,5.785800839,0.814503189
490783.4528,161976.058,6043.925517,20.35770833,84.16527778,153.3049769,30,9.004486163,9.208331489,0.581255524,0.000310918,5.785800839,0.814503189
414514.6593,167712.9322,38605.63002,12.89782706,75.73711918,157.4538157,31,9.004486163,9.208331489,0.581255524,0.000310918,5.785800839,0.814503189
372481.5818,161314.9312,64742.18448,9.760949074,74.10636574,128.5277006,30,9.004486163,9.208331489,0.581255524,0.000310918,5.785800839,0.814503189
362145.6062,165047.0984,117710.3794,5.489852151,75.55857975,140.3433766,31,9.004486163,9.208331489,0.581255524,0.000310918,5.785800839,0.814503189
389713.8862,202745.588,261044.8874,-2.113575269,70.30320341,156.7973417,31,9.169002861,11.35710403,0.688315585,0.000246349,5.487271186,0.847455262
363689.1344,187279.2665,132316.0561,1.942956349,62.61458333,188.2471892,28,9.169002861,11.35710403,0.688315585,0.000246349,5.487271186,0.847455262
416256.6752,215055.5173,84449.11673,5.43313172,62.39908154,197.9807721,31,9.169002861,11.35710403,0.688315585,0.000246349,5.487271186,0.847455262
431578.1349,199773.3187,32791.46415,12.56460648,68.95763889,135.3763503,30,9.169002861,11.35710403,0.688315585,0.000246349,5.487271186,0.847455262
521086.697,210952.2075,9113.886915,17.91901882,74.3156362,192.3388217,31,9.169002861,11.35710403,0.688315585,0.000246349,5.487271186,0.847455262
554887.4581,207164.537,469.9513014,22.21377315,69.30104167,225.3063657,30,9.169002861,11.35710403,0.688315585,0.000246349,5.487271186,0.847455262
605524.9478,203560.9893,4.875333717,26.66420251,66.30790771,284.5905765,31,9.169002861,11.35710403,0.688315585,0.000246349,5.487271186,0.847455262
599197.7656,215055.5173,729.5781008,23.04596774,77.16319444,219.8065636,31,9.169002861,11.35710403,0.688315585,0.000246349,5.487271186,0.847455262
543386.2885,199773.3187,4459.723078,20.35770833,84.16527778,153.3049769,30,9.169002861,11.35710403,0.688315585,0.000246349,5.487271186,0.847455262
459032.1026,206848.8978,30205.38815,12.89782706,75.73711918,157.4538157,31,9.169002861,11.35710403,0.688315585,0.000246349,5.487271186,0.847455262
412937.193,198957.9174,50915.91824,9.760949074,74.10636574,128.5277006,30,9.169002861,11.35710403,0.688315585,0.000246349,5.487271186,0.847455262
401945.7815,203560.9893,93701.61867,5.489852151,75.55857975,140.3433766,31,9.169002861,11.35710403,0.688315585,0.000246349,5.487271186,0.847455262
431683.7421,217206.1948,244888.2316,-2.113575269,70.30320341,156.7973417,31,11.35423883,12.16713703,0.621697857,0.000275349,4.969231669,0.804320434
403427.4399,200636.755,121373.2283,1.942956349,62.61458333,188.2471892,28,11.35423883,12.16713703,0.621697857,0.000275349,4.969231669,0.804320434
463061.0991,230394.1164,77861.95822,5.43313172,62.39908154,197.9807721,31,11.35423883,12.16713703,0.621697857,0.000275349,4.969231669,0.804320434
480835.2554,214021.9317,31279.45782,12.56460648,68.95763889,135.3763503,30,11.35423883,12.16713703,0.621697857,0.000275349,4.969231669,0.804320434
583393.6246,225998.1425,8698.194151,17.91901882,74.3156362,192.3388217,31,11.35423883,12.16713703,0.621697857,0.000275349,4.969231669,0.804320434
623133.4388,221940.3205,459.6064149,22.21377315,69.30104167,225.3063657,30,11.35423883,12.16713703,0.621697857,0.000275349,4.969231669,0.804320434
680848.9566,218079.7537,5.683110845,26.66420251,66.30790771,284.5905765,31,11.35423883,12.16713703,0.621697857,0.000275349,4.969231669,0.804320434
673820.3055,230394.1164,693.3059551,23.04596774,77.16319444,219.8065636,31,11.35423883,12.16713703,0.621697857,0.000275349,4.969231669,0.804320434
609711.7547,214021.9317,4205.664245,20.35770833,84.16527778,153.3049769,30,11.35423883,12.16713703,0.621697857,0.000275349,4.969231669,0.804320434
510732.6292,221602.1687,28924.22986,12.89782706,75.73711918,157.4538157,31,11.35423883,12.16713703,0.621697857,0.000275349,4.969231669,0.804320434
458409.6555,213148.3728,48734.20548,9.760949074,74.10636574,128.5277006,30,11.35423883,12.16713703,0.621697857,0.000275349,4.969231669,0.804320434
445677.0464,218079.7537,88087.36513,5.489852151,75.55857975,140.3433766,31,11.35423883,12.16713703,0.621697857,0.000275349,4.969231669,0.804320434
418755.6664,224442.73,305445.3522,-2.113575269,70.30320341,156.7973417,31,9.623952144,12.57250261,0.604203552,0.000279696,5.57482267,0.671996557
390551.0519,207321.2555,152468.6898,1.942956349,62.61458333,188.2471892,28,9.623952144,12.57250261,0.604203552,0.000279696,5.57482267,0.671996557
447640.6792,238070.026,97045.36066,5.43313172,62.39908154,197.9807721,31,9.623952144,12.57250261,0.604203552,0.000279696,5.57482267,0.671996557
462015.5308,221152.3786,38081.48304,12.56460648,68.95763889,135.3763503,30,9.623952144,12.57250261,0.604203552,0.000279696,5.57482267,0.671996557
556184.5851,233527.594,10499.18862,17.91901882,74.3156362,192.3388217,31,9.623952144,12.57250261,0.604203552,0.000279696,5.57482267,0.671996557
590702.9693,229334.5799,526.541157,22.21377315,69.30104167,225.3063657,30,9.623952144,12.57250261,0.604203552,0.000279696,5.57482267,0.671996557
643041.8438,225345.3928,5.297876743,26.66420251,66.30790771,284.5905765,31,9.623952144,12.57250261,0.604203552,0.000279696,5.57482267,0.671996557
637354.5934,238070.026,821.9980896,23.04596774,77.16319444,219.8065636,31,9.623952144,12.57250261,0.604203552,0.000279696,5.57482267,0.671996557
577585.6851,221152.3786,5022.913736,20.35770833,84.16527778,153.3049769,30,9.623952144,12.57250261,0.604203552,0.000279696,5.57482267,0.671996557
491107.565,228985.162,35282.2491,12.89782706,75.73711918,157.4538157,31,9.623952144,12.57250261,0.604203552,0.000279696,5.57482267,0.671996557
442674.1974,220249.7159,59508.13201,9.760949074,74.10636574,128.5277006,30,9.623952144,12.57250261,0.604203552,0.000279696,5.57482267,0.671996557
431527.381,225345.3928,109046.7845,5.489852151,75.55857975,140.3433766,31,9.623952144,12.57250261,0.604203552,0.000279696,5.57482267,0.671996557
355893.973,159422.5048,360350.6102,-2.113575269,70.30320341,156.7973417,31,9.907698444,8.930295304,0.645792593,0.000244745,5.547461632,0.695043885
331936.6708,147261.0579,185277.6506,1.942956349,62.61458333,188.2471892,28,9.907698444,8.930295304,0.645792593,0.000244745,5.547461632,0.695043885
380056.2557,169102.0238,120165.7504,5.43313172,62.39908154,197.9807721,31,9.907698444,8.930295304,0.645792593,0.000244745,5.547461632,0.695043885
395265.9284,157085.356,47492.34714,12.56460648,68.95763889,135.3763503,30,9.907698444,8.930295304,0.645792593,0.000244745,5.547461632,0.695043885
480079.7088,165875.5174,13719.73269,17.91901882,74.3156362,192.3388217,31,9.907698444,8.930295304,0.645792593,0.000244745,5.547461632,0.695043885
511795.9259,162897.2039,828.7771433,22.21377315,69.30104167,225.3063657,30,9.907698444,8.930295304,0.645792593,0.000244745,5.547461632,0.695043885
558921.4233,160063.6695,10.31809353,26.66420251,66.30790771,284.5905765,31,9.907698444,8.930295304,0.645792593,0.000244745,5.547461632,0.695043885
551902.5992,169102.0238,1188.700993,23.04596774,77.16319444,219.8065636,31,9.907698444,8.930295304,0.645792593,0.000244745,5.547461632,0.695043885
500591.0765,157085.356,6814.45549,20.35770833,84.16527778,153.3049769,30,9.907698444,8.930295304,0.645792593,0.000244745,5.547461632,0.695043885
421036.5612,162649.0111,43010.6188,12.89782706,75.73711918,157.4538157,31,9.907698444,8.930295304,0.645792593,0.000244745,5.547461632,0.695043885
378104.1384,156444.1913,72272.26141,9.760949074,74.10636574,128.5277006,30,9.907698444,8.930295304,0.645792593,0.000244745,5.547461632,0.695043885
367135.0335,160063.6695,131090.7653,5.489852151,75.55857975,140.3433766,31,9.907698444,8.930295304,0.645792593,0.000244745,5.547461632,0.695043885
385848.196,158069.3029,315395.3513,-2.113575269,70.30320341,156.7973417,31,12.25614689,8.854493633,0.531592989,0.000314545,6.439539714,0.770907837
359631.3649,146011.0842,160862.7174,1.942956349,62.61458333,188.2471892,28,12.25614689,8.854493633,0.531592989,0.000314545,6.439539714,0.770907837
412549.4894,167666.6607,102058.9445,5.43313172,62.39908154,197.9807721,31,12.25614689,8.854493633,0.531592989,0.000314545,6.439539714,0.770907837
423255.87,155751.9922,41956.005,12.56460648,68.95763889,135.3763503,30,12.25614689,8.854493633,0.531592989,0.000314545,6.439539714,0.770907837
507312.2305,164467.5415,12319.20062,17.91901882,74.3156362,192.3388217,31,12.25614689,8.854493633,0.531592989,0.000314545,6.439539714,0.770907837
537066.6772,161514.5083,796.7107854,22.21377315,69.30104167,225.3063657,30,12.25614689,8.854493633,0.531592989,0.000314545,6.439539714,0.770907837
578066.8982,158705.0253,10.92363171,26.66420251,66.30790771,284.5905765,31,12.25614689,8.854493633,0.531592989,0.000314545,6.439539714,0.770907837
577273.8818,167666.6607,1090.114965,23.04596774,77.16319444,219.8065636,31,12.25614689,8.854493633,0.531592989,0.000314545,6.439539714,0.770907837
524013.4535,155751.9922,6121.239199,20.35770833,84.16527778,153.3049769,30,12.25614689,8.854493633,0.531592989,0.000314545,6.439539714,0.770907837
450383.0175,161268.4222,38061.87253,12.89782706,75.73711918,157.4538157,31,12.25614689,8.854493633,0.531592989,0.000314545,6.439539714,0.770907837
406694.846,155116.2698,63867.78781,9.760949074,74.10636574,128.5277006,30,12.25614689,8.854493633,0.531592989,0.000314545,6.439539714,0.770907837
396529.6415,158705.0253,113296.8251,5.489852151,75.55857975,140.3433766,31,12.25614689,8.854493633,0.531592989,0.000314545,6.439539714,0.770907837
413598.0628,192001.3134,253088.2176,-2.113575269,70.30320341,156.7973417,31,11.723964,10.75524707,0.540346925,0.000338537,4.610682467,0.892815955
386076.9624,177354.6123,124731.56,1.942956349,62.61458333,188.2471892,28,11.723964,10.75524707,0.540346925,0.000338537,4.610682467,0.892815955
442890.0396,203658.8918,79829.27786,5.43313172,62.39908154,197.9807721,31,11.723964,10.75524707,0.540346925,0.000338537,4.610682467,0.892815955
463694.7178,189186.5562,32361.14767,12.56460648,68.95763889,135.3763503,30,11.723964,10.75524707,0.540346925,0.000338537,4.610682467,0.892815955
567355.2081,199773.0324,9227.496996,17.91901882,74.3156362,192.3388217,31,11.723964,10.75524707,0.540346925,0.000338537,4.610682467,0.892815955
609107.5726,196186.0851,530.2083801,22.21377315,69.30104167,225.3063657,30,11.723964,10.75524707,0.540346925,0.000338537,4.610682467,0.892815955
669580.4613,192773.5034,8.789122554,26.66420251,66.30790771,284.5905765,31,11.723964,10.75524707,0.540346925,0.000338537,4.610682467,0.892815955
660533.5631,203658.8918,769.9506289,23.04596774,77.16319444,219.8065636,31,11.723964,10.75524707,0.540346925,0.000338537,4.610682467,0.892815955
596889.8143,189186.5562,4539.300028,20.35770833,84.16527778,153.3049769,30,11.723964,10.75524707,0.540346925,0.000338537,4.610682467,0.892815955
492859.6991,195887.1729,29608.31088,12.89782706,75.73711918,157.4538157,31,11.723964,10.75524707,0.540346925,0.000338537,4.610682467,0.892815955
440273.911,188414.3662,49876.60974,9.760949074,74.10636574,128.5277006,30,11.723964,10.75524707,0.540346925,0.000338537,4.610682467,0.892815955
426745.4578,192773.5034,89220.50413,5.489852151,75.55857975,140.3433766,31,11.723964,10.75524707,0.540346925,0.000338537,4.610682467,0.892815955
463656.6949,229770.3267,242254.586,-2.113575269,70.30320341,156.7973417,31,12.89723898,12.87093608,0.594479223,0.000327332,6.06494254,0.763068754
432981.1475,212242.4398,118646.6575,1.942956349,62.61458333,188.2471892,28,12.89723898,12.87093608,0.594479223,0.000327332,6.06494254,0.763068754
497809.66,243721.0938,77021.71686,5.43313172,62.39908154,197.9807721,31,12.89723898,12.87093608,0.594479223,0.000327332,6.06494254,0.763068754
508862.8234,226401.8723,31682.48252,12.56460648,68.95763889,135.3763503,30,12.89723898,12.87093608,0.594479223,0.000327332,6.06494254,0.763068754
607397.7828,239070.8381,8711.654268,17.91901882,74.3156362,192.3388217,31,12.89723898,12.87093608,0.594479223,0.000327332,6.06494254,0.763068754
642904.0493,234778.2944,481.0042028,22.21377315,69.30104167,225.3063657,30,12.89723898,12.87093608,0.594479223,0.000327332,6.06494254,0.763068754
692040.4564,230694.416,9.891407404,26.66420251,66.30790771,284.5905765,31,12.89723898,12.87093608,0.594479223,0.000327332,6.06494254,0.763068754
692131.5133,243721.0938,724.842568,23.04596774,77.16319444,219.8065636,31,12.89723898,12.87093608,0.594479223,0.000327332,6.06494254,0.763068754
626320.7815,226401.8723,4208.315135,20.35770833,84.16527778,153.3049769,30,12.89723898,12.87093608,0.594479223,0.000327332,6.06494254,0.763068754
539866.1136,234420.5824,29208.59537,12.89782706,75.73711918,157.4538157,31,12.89723898,12.87093608,0.594479223,0.000327332,6.06494254,0.763068754
488558.7618,225477.783,49226.904,9.760949074,74.10636574,128.5277006,30,12.89723898,12.87093608,0.594479223,0.000327332,6.06494254,0.763068754
477178.7068,230694.416,87872.86548,5.489852151,75.55857975,140.3433766,31,12.89723898,12.87093608,0.594479223,0.000327332,6.06494254,0.763068754
