Electricity:Facility,InteriorEquipment:Electricity,Electricity:HVAC,Heating:Gas,Site Outdoor Air Drybulb Temperature,Site Outdoor Air Relative Humidity,Site Direct Solar Radiation Rate per Area,days,tc1,tc2,tc3,tc4,tc5
427471.2176,206352.9515,13001.98784,271793.4846,-2.113575269,70.30320341,156.7973417,31,12.01111153,11.55917601,0.699749819,0.000323983,5.775742709
399112.5333,190611.4445,10013.92638,133132.1514,1.942956349,62.61458333,188.2471892,28,12.01111153,11.55917601,0.699749819,0.000323983,5.775742709
458099.047,218881.906,11425.16443,85235.87606,5.43313172,62.39908154,197.9807721,31,12.01111153,11.55917601,0.699749819,0.000323983,5.775742709
470785.8897,203327.7979,10517.99915,34430.75081,12.56460648,68.95763889,135.3763503,30,12.01111153,11.55917601,0.699749819,0.000323983,5.775742709
564492.4587,214705.5878,12518.69562,9687.065965,17.91901882,74.3156362,192.3388217,31,12.01111153,11.55917601,0.699749819,0.000323983,5.775742709
599265.1779,210850.5249,14067.88449,553.5110414,22.21377315,69.30104167,225.3063657,30,12.01111153,11.55917601,0.699749819,0.000323983,5.775742709
647500.1641,207182.8608,16001.7056,8.381010651,26.66420251,66.30790771,284.5905765,31,12.01111153,11.55917601,0.699749819,0.000323983,5.775742709
645548.6568,218881.906,14950.18894,799.7956684,23.04596774,77.16319444,219.8065636,31,12.01111153,11.55917601,0.699749819,0.000323983,5.775742709
585333.1255,203327.7979,12544.11351,4715.776236,20.35770833,84.16527778,153.3049769,30,12.01111153,11.55917601,0.699749819,0.000323983,5.775742709
499457.1993,210529.2696,11480.73483,31598.73051,12.89782706,75.73711918,157.4538157,31,12.01111153,11.55917601,0.699749819,0.000323983,5.775742709
451083.2231,202497.8885,10411.96716,53300.28937,9.760949074,74.10636574,128.5277006,30,12.01111153,11.55917601,0.699749819,0.000323983,5.775742709
440060.972,207182.8608,10764.70764,95939.69569,5.489852151,75.55857975,140.3433766,31,12.01111153,11.55917601,0.699749819,0.000323983,5.775742709
402126.5821,172495.087,12827.51961,293748.7842,-2.113575269,70.30320341,156.7973417,31,12.75270681,9.662575978,0.704025992,0.000305909,6.192374021
375423.8543,159336.4062,9709.735396,145407.0996,1.942956349,62.61458333,188.2471892,28,12.75270681,9.662575978,0.704025992,0.000305909,6.192374021
431089.767,182968.3227,11023.5373,93499.35968,5.43313172,62.39908154,197.9807721,31,12.75270681,9.662575978,0.704025992,0.000305909,6.192374021
442066.5726,169966.2929,10061.06274,38254.46973,12.56460648,68.95763889,135.3763503,30,12.75270681,9.662575978,0.704025992,0.000305909,6.192374021
529591.2242,179477.2441,11843.80201,11060.08344,17.91901882,74.3156362,192.3388217,31,12.75270681,9.662575978,0.704025992,0.000305909,6.192374021
560704.0053,176254.71,13233.07735,686.1538384,22.21377315,69.30104167,225.3063657,30,12.75270681,9.662575978,0.704025992,0.000305909,6.192374021
603555.305,173188.8269,15117.41629,10.39234152,26.66420251,66.30790771,284.5905765,31,12.75270681,9.662575978,0.704025992,0.000305909,6.192374021
602748.0489,182968.3227,14050.07413,955.0427239,23.04596774,77.16319444,219.8065636,31,12.75270681,9.662575978,0.704025992,0.000305909,6.192374021
547035.0369,169966.2929,11831.99375,5512.652023,20.35770833,84.16527778,153.3049769,30,12.75270681,9.662575978,0.704025992,0.000305909,6.192374021
469437.7486,175986.1655,10940.78194,34921.99907,12.89782706,75.73711918,157.4538157,31,12.75270681,9.662575978,0.704025992,0.000305909,6.192374021
424164.7833,169272.5529,10038.45216,58720.20696,9.760949074,74.10636574,128.5277006,30,12.75270681,9.662575978,0.704025992,0.000305909,6.192374021
413840.8103,173188.8269,10394.1374,104499.8049,5.489852151,75.55857975,140.3433766,31,12.75270681,9.662575978,0.704025992,0.000305909,6.192374021
380577.8639,188067.4134,12796.0367,312753.6625,-2.113575269,70.30320341,156.7973417,31,9.567166797,10.53488365,0.671941595,0.000313655,6.574775984
354351.8535,173720.8074,9636.355519,157492.1869,1.942956349,62.61458333,188.2471892,28,9.567166797,10.53488365,0.671941595,0.000313655,6.574775984
405568.4352,199486.1406,10910.82055,100687.1369,5.43313172,62.39908154,197.9807721,31,9.567166797,10.53488365,0.671941595,0.000313655,6.574775984
416113.4187,185310.3275,9934.345501,39521.50115,12.56460648,68.95763889,135.3763503,30,9.567166797,10.53488365,0.671941595,0.000313655,6.574775984
497235.902,195679.8982,11716.69075,11194.15608,17.91901882,74.3156362,192.3388217,31,9.567166797,10.53488365,0.671941595,0.000313655,6.574775984
525342.8549,192166.4437,13191.79119,625.564018,22.21377315,69.30104167,225.3063657,30,9.567166797,10.53488365,0.671941595,0.000313655,6.574775984
567238.9761,188823.7821,15220.53984,7.477122213,26.66420251,66.30790771,284.5905765,31,9.567166797,10.53488365,0.671941595,0.000313655,6.574775984
564187.3787,199486.1406,14009.69782,917.5335159,23.04596774,77.16319444,219.8065636,31,9.567166797,10.53488365,0.671941595,0.000313655,6.574775984
513002.0619,185310.3275,11738.27752,5484.089986,20.35770833,84.16527778,153.3049769,30,9.567166797,10.53488365,0.671941595,0.000313655,6.574775984
442588.5255,191873.6558,10812.56173,36002.33075,12.89782706,75.73711918,157.4538157,31,9.567166797,10.53488365,0.671941595,0.000313655,6.574775984
400583.1713,184553.9589,9936.261124,60778.13655,9.760949074,74.10636574,128.5277006,30,9.567166797,10.53488365,0.671941595,0.000313655,6.574775984
391125.9462,188823.7821,10292.41354,110696.6188,5.489852151,75.55857975,140.3433766,31,9.567166797,10.53488365,0.671941595,0.000313655,6.574775984
415685.9854,219420.7325,13102.56702,287437.3712,-2.113575269,70.30320341,156.7973417,31,9.867627447,12.29118775,0.681819911,0.000350905,4.939264195
387770.6608,202682.358,9959.905331,141343.1696,1.942956349,62.61458333,188.2471892,28,9.867627447,12.29118775,0.681819911,0.000350905,4.939264195
444252.2049,232743.1122,11321.84439,89637.0286,5.43313172,62.39908154,197.9807721,31,9.867627447,12.29118775,0.681819911,0.000350905,4.939264195
462392.7369,216204.0041,10410.91402,35313.95615,12.56460648,68.95763889,135.3763503,30,9.867627447,12.29118775,0.681819911,0.000350905,4.939264195
561610.0878,228302.319,12443.92464,9783.418128,17.91901882,74.3156362,192.3388217,31,9.867627447,12.29118775,0.681819911,0.000350905,4.939264195
600688.2772,224203.1253,14051.56929,532.1756455,22.21377315,69.30104167,225.3063657,30,9.867627447,12.29118775,0.681819911,0.000350905,4.939264195
658630.4234,220303.1979,16088.36716,6.492604325,26.66420251,66.30790771,284.5905765,31,9.867627447,12.29118775,0.681819911,0.000350905,4.939264195
649603.3051,232743.1122,14948.48802,764.1013182,23.04596774,77.16319444,219.8065636,31,9.867627447,12.29118775,0.681819911,0.000350905,4.939264195
587810.1321,216204.0041,12493.4182,4690.942822,20.35770833,84.16527778,153.3049769,30,9.867627447,12.29118775,0.681819911,0.000350905,4.939264195
491106.1772,223861.5258,11392.85081,32444.58471,12.89782706,75.73711918,157.4538157,31,9.867627447,12.29118775,0.681819911,0.000350905,4.939264195
440611.9374,215321.5388,10320.50184,54777.57707,9.760949074,74.10636574,128.5277006,30,9.867627447,12.29118775,0.681819911,0.000350905,4.939264195
428566.6076,220303.1979,10672.16659,100014.7261,5.489852151,75.55857975,140.3433766,31,9.867627447,12.29118775,0.681819911,0.000350905,4.939264195
407924.0612,203042.7031,14526.90586,274852.3897,-2.113575269,70.30320341,156.7973417,31,10.48626145,11.37374739,0.588862274,0.000273097,6.145522707
380291.236,187553.7164,11346.1606,137086.0193,1.942956349,62.61458333,188.2471892,28,10.48626145,11.37374739,0.588862274,0.000273097,6.145522707
436024.7128,215370.6721,13006.08832,87715.79737,5.43313172,62.39908154,197.9807721,31,10.48626145,11.37374739,0.588862274,0.000273097,6.145522707
447754.5242,200066.0781,11934.06704,34858.4344,12.56460648,68.95763889,135.3763503,30,10.48626145,11.37374739,0.588862274,0.000273097,6.145522707
536272.4792,211261.3491,14207.73925,9759.073695,17.91901882,74.3156362,192.3388217,31,10.48626145,11.37374739,0.588862274,0.000273097,6.145522707
567302.9765,207468.1278,15997.98014,527.4324619,22.21377315,69.30104167,225.3063657,30,10.48626145,11.37374739,0.588862274,0.000273097,6.145522707
613480.0866,203859.2993,18289.31719,6.579861603,26.66420251,66.30790771,284.5905765,31,10.48626145,11.37374739,0.588862274,0.000273097,6.145522707
611218.3948,215370.6721,16999.05615,788.4645493,23.04596774,77.16319444,219.8065636,31,10.48626145,11.37374739,0.588862274,0.000273097,6.145522707
554762.0906,200066.0781,14236.97464,4769.541119,20.35770833,84.16527778,153.3049769,30,10.48626145,11.37374739,0.588862274,0.000273097,6.145522707
476155.4531,207152.0261,13065.44291,32119.79979,12.89782706,75.73711918,157.4538157,31,10.48626145,11.37374739,0.588862274,0.000273097,6.145522707
430193.5165,199249.4818,11853.06498,54023.92699,9.760949074,74.10636574,128.5277006,30,10.48626145,11.37374739,0.588862274,0.000273097,6.145522707
419878.0073,203859.2993,12268.95771,98236.14838,5.489852151,75.55857975,140.3433766,31,10.48626145,11.37374739,0.588862274,0.000273097,6.145522707
365943.4258,155129.9156,16876.95811,332752.1398,-2.113575269,70.30320341,156.7973417,31,10.78406577,8.689839361,0.512575428,0.000330534,5.282826425
341215.5071,143295.9262,12851.17349,174101.5948,1.942956349,62.61458333,188.2471892,28,10.78406577,8.689839361,0.512575428,0.000330534,5.282826425
390614.3498,164548.8052,14054.1049,109806.8978,5.43313172,62.39908154,197.9807721,31,10.78406577,8.689839361,0.512575428,0.000330534,5.282826425
407524.773,152855.6966,12758.01732,44561.56704,12.56460648,68.95763889,135.3763503,30,10.78406577,8.689839361,0.512575428,0.000330534,5.282826425
496697.3601,161409.1753,14813.66625,13107.40451,17.91901882,74.3156362,192.3388217,31,10.78406577,8.689839361,0.512575428,0.000330534,5.282826425
531240.9269,158511.0555,16532.26582,835.130502,22.21377315,69.30104167,225.3063657,30,10.78406577,8.689839361,0.512575428,0.000330534,5.282826425
581405.3303,155753.8164,19136.29218,10.97004581,26.66420251,66.30790771,284.5905765,31,10.78406577,8.689839361,0.512575428,0.000330534,5.282826425
573798.7978,164548.8052,17545.33941,1148.483042,23.04596774,77.16319444,219.8065636,31,10.78406577,8.689839361,0.512575428,0.000330534,5.282826425
519873.0604,152855.6966,14767.93711,6433.019182,20.35770833,84.16527778,153.3049769,30,10.78406577,8.689839361,0.512575428,0.000330534,5.282826425
434134.7291,158269.5455,13792.8685,40177.10664,12.89782706,75.73711918,157.4538157,31,10.78406577,8.689839361,0.512575428,0.000330534,5.282826425
388682.6546,152231.7958,12786.08502,67335.69212,9.760949074,74.10636574,128.5277006,30,10.78406577,8.689839361,0.512575428,0.000330534,5.282826425
376884.8499,155753.8164,13293.51983,120527.7047,5.489852151,75.55857975,140.3433766,31,10.78406577,8.689839361,0.512575428,0.000330534,5.282826425
352464.2982,163308.5212,12387.98837,325537.8149,-2.113575269,70.30320341,156.7973417,31,9.311464896,9.147976452,0.661123424,0.000251494,5.889049414
328465.1531,150850.6319,9387.599171,167864.7615,1.942956349,62.61458333,188.2471892,28,9.311464896,9.147976452,0.661123424,0.000251494,5.889049414
375809.6871,173223.9841,10625.09789,108838.3254,5.43313172,62.39908154,197.9807721,31,9.311464896,9.147976452,0.661123424,0.000251494,5.889049414
389530.838,160914.403,9625.477352,42589.80392,12.56460648,68.95763889,135.3763503,30,9.311464896,9.147976452,0.661123424,0.000251494,5.889049414
471015.3201,169918.8298,11240.15599,12259.94265,17.91901882,74.3156362,192.3388217,31,9.311464896,9.147976452,0.661123424,0.000251494,5.889049414
500647.1515,166867.9181,12573.17173,727.5955643,22.21377315,69.30104167,225.3063657,30,9.311464896,9.147976452,0.661123424,0.000251494,5.889049414
545291.5608,163965.3147,14572.82979,8.698267738,26.66420251,66.30790771,284.5905765,31,9.311464896,9.147976452,0.661123424,0.000251494,5.889049414
539215.2232,173223.9841,13335.2254,1046.415779,23.04596774,77.16319444,219.8065636,31,9.311464896,9.147976452,0.661123424,0.000251494,5.889049414
489733.824,160914.403,11205.40799,6059.885983,20.35770833,84.16527778,153.3049769,30,9.311464896,9.147976452,0.661123424,0.000251494,5.889049414
414990.0632,166613.6755,10453.78809,38559.77135,12.89782706,75.73711918,157.4538157,31,9.311464896,9.147976452,0.661123424,0.000251494,5.889049414
373503.7709,160257.6095,9673.472051,64830.54036,9.760949074,74.10636574,128.5277006,30,9.311464896,9.147976452,0.661123424,0.000251494,5.889049414
363182.9231,163965.3147,10026.87512,118081.5426,5.489852151,75.55857975,140.3433766,31,9.311464896,9.147976452,0.661123424,0.000251494,5.889049414
395351.8278,184554.948,14021.46616,306919.4708,-2.113575269,70.30320341,156.7973417,31,11.03228302,10.33812753,0.636787419,0.000342156,5.968683408
368457.8749,170476.2883,10523.09464,152993.7234,1.942956349,62.61458333,188.2471892,28,11.03228302,10.33812753,0.636787419,0.000342156,5.968683408
422397.4017,195760.4119,11883.56073,97740.49325,5.43313172,62.39908154,197.9807721,31,11.03228302,10.33812753,0.636787419,0.000342156,5.968683408
435174.9407,181849.3552,10839.70802,39254.73917,12.56460648,68.95763889,135.3763503,30,11.03228302,10.33812753,0.636787419,0.000342156,5.968683408
522930.813,192025.2573,12779.66252,11222.10084,17.91901882,74.3156362,192.3388217,31,11.03228302,10.33812753,0.636787419,0.000342156,5.968683408
554776.9471,188577.4222,14338.16532,664.7166744,22.21377315,69.30104167,225.3063657,30,11.03228302,10.33812753,0.636787419,0.000342156,5.968683408
600845.6558,185297.1903,16482.97394,8.782565916,26.66420251,66.30790771,284.5905765,31,11.03228302,10.33812753,0.636787419,0.000342156,5.968683408
597126.2012,195760.4119,15238.41335,940.307933,23.04596774,77.16319444,219.8065636,31,11.03228302,10.33812753,0.636787419,0.000342156,5.968683408
541577.0622,181849.3552,12789.28467,5507.904497,20.35770833,84.16527778,153.3049769,30,11.03228302,10.33812753,0.636787419,0.000342156,5.968683408
462426.1941,188290.1027,11788.51188,35801.7571,12.89782706,75.73711918,157.4538157,31,11.03228302,10.33812753,0.636787419,0.000342156,5.968683408
417302.0513,181107.113,10823.11559,60324.27249,9.760949074,74.10636574,128.5277006,30,11.03228302,10.33812753,0.636787419,0.000342156,5.968683408
406716.1414,185297.1903,11198.53926,108260.1784,5.489852151,75.55857975,140.3433766,31,11.03228302,10.33812753,0.636787419,0.000342156,5.968683408
396125.5377,194009.3246,13948.84256,299907.9904,-2.113575269,70.30320341,156.7973417,31,10.29475732,10.86772889,0.629103574,0.000319762,6.047655384
369041.0403,179209.4436,10554.2094,149361.9411,1.942956349,62.61458333,188.2471892,28,10.29475732,10.86772889,0.629103574,0.000319762,6.047655384
422827.404,205788.8218,11969.83579,95392.07434,5.43313172,62.39908154,197.9807721,31,10.29475732,10.86772889,0.629103574,0.000319762,6.047655384
435301.2796,191165.1298,10925.15351,37845.44776,12.56460648,68.95763889,135.3763503,30,10.29475732,10.86772889,0.629103574,0.000319762,6.047655384
522406.2277,201862.3227,12949.13068,10692.15369,17.91901882,74.3156362,192.3388217,31,10.29475732,10.86772889,0.629103574,0.000319762,6.047655384
553711.6944,198237.8621,14555.71246,597.2951673,22.21377315,69.30104167,225.3063657,30,10.29475732,10.86772889,0.629103574,0.000319762,6.047655384
600170.5144,194789.5905,16729.31103,7.540084776,26.66420251,66.30790771,284.5905765,31,10.29475732,10.86772889,0.629103574,0.000319762,6.047655384
596156.4624,205788.8218,15473.63188,878.4661973,23.04596774,77.16319444,219.8065636,31,10.29475732,10.86772889,0.629103574,0.000319762,6.047655384
540907.0622,191165.1298,12968.16452,5239.583309,20.35770833,84.16527778,153.3049769,30,10.29475732,10.86772889,0.629103574,0.000319762,6.047655384
462783.0872,197935.8237,11919.90254,34626.56558,12.89782706,75.73711918,157.4538157,31,10.29475732,10.86772889,0.629103574,0.000319762,6.047655384
417701.1941,190384.864,10898.59154,58364.45764,9.760949074,74.10636574,128.5277006,30,10.29475732,10.86772889,0.629103574,0.000319762,6.047655384
407477.9354,194789.5905,11289.44272,105776.1342,5.489852151,75.55857975,140.3433766,31,10.29475732,10.86772889,0.629103574,0.000319762,6.047655384
408012.5898,214225.0734,16307.95222,294263.3731,-2.113575269,70.30320341,156.7973417,31,9.378908261,12.00014495,0.541456244,0.00034793,5.429335792
379819.6324,197883.0465,12324.2161,145525.5354,1.942956349,62.61458333,188.2471892,28,9.378908261,12.00014495,0.541456244,0.00034793,5.429335792
434865.3006,227231.9927,13980.50503,92474.94458,5.43313172,62.39908154,197.9807721,31,9.378908261,12.00014495,0.541456244,0.00034793,5.429335792
450759.6241,211084.5138,12819.67062,36422.8714,12.56460648,68.95763889,135.3763503,30,9.378908261,12.00014495,0.541456244,0.00034793,5.429335792
544685.4014,222896.3529,15295.17097,10138.2035,17.91901882,74.3156362,192.3388217,31,9.378908261,12.00014495,0.541456244,0.00034793,5.429335792
580115.6279,218894.2239,17273.19864,556.6912499,22.21377315,69.30104167,225.3063657,30,9.378908261,12.00014495,0.541456244,0.00034793,5.429335792
633101.9685,215086.6428,19858.76952,6.546335774,26.66420251,66.30790771,284.5905765,31,9.378908261,12.00014495,0.541456244,0.00034793,5.429335792
626403.6448,227231.9927,18381.51701,803.1113195,23.04596774,77.16319444,219.8065636,31,9.378908261,12.00014495,0.541456244,0.00034793,5.429335792
567819.4955,211084.5138,15351.02301,4870.151762,20.35770833,84.16527778,153.3049769,30,9.378908261,12.00014495,0.541456244,0.00034793,5.429335792
479213.4583,218560.7131,14016.88309,33352.80234,12.89782706,75.73711918,157.4538157,31,9.378908261,12.00014495,0.541456244,0.00034793,5.429335792
431202.2043,210222.9443,12743.60671,56425.03259,9.760949074,74.10636574,128.5277006,30,9.378908261,12.00014495,0.541456244,0.00034793,5.429335792
419765.8977,215086.6428,13184.83133,102752.9825,5.489852151,75.55857975,140.3433766,31,9.378908261,12.00014495,0.541456244,0.00034793,5.429335792
376260.354,190434.9963,12631.90107,297205.6942,-2.113575269,70.30320341,156.7973417,31,9.009792872,10.66750742,0.645268366,0.000245146,4.523409333
351465.823,175907.7807,9833.120412,151591.3998,1.942956349,62.61458333,188.2471892,28,9.009792872,10.66750742,0.645268366,0.000245146,4.523409333
402174.6983,201997.474,11245.39083,97325.63136,5.43313172,62.39908154,197.9807721,31,9.009792872,10.66750742,0.645268366,0.000245146,4.523409333
423738.3992,187643.2014,10251.69783,37821.0696,12.56460648,68.95763889,135.3763503,30,9.009792872,10.66750742,0.645268366,0.000245146,4.523409333
521132.3954,198143.3147,12127.35306,10615.81113,17.91901882,74.3156362,192.3388217,31,9.009792872,10.66750742,0.645268366,0.000245146,4.523409333
560641.7914,194585.6293,13632.08544,580.5407131,22.21377315,69.30104167,225.3063657,30,9.009792872,10.66750742,0.645268366,0.000245146,4.523409333
619873.6128,191200.8869,15722.54032,5.967698694,26.66420251,66.30790771,284.5905765,31,9.009792872,10.66750742,0.645268366,0.000245146,4.523409333
607647.1584,201997.474,14483.59652,860.3044873,23.04596774,77.16319444,219.8065636,31,9.009792872,10.66750742,0.645268366,0.000245146,4.523409333
549790.8361,187643.2014,12128.60812,5205.439635,20.35770833,84.16527778,153.3049769,30,9.009792872,10.66750742,0.645268366,0.000245146,4.523409333
451002.0471,194289.1555,11184.33511,34558.15343,12.89782706,75.73711918,157.4538157,31,9.009792872,10.66750742,0.645268366,0.000245146,4.523409333
402072.9321,186877.3108,10243.43655,58308.22068,9.760949074,74.10636574,128.5277006,30,9.009792872,10.66750742,0.645268366,0.000245146,4.523409333
389269.8505,191200.8869,10611.38677,107103.1374,5.489852151,75.55857975,140.3433766,31,9.009792872,10.66750742,0.645268366,0.000245146,4.523409333
411578.0819,230386.3001,12350.97347,263250.3913,-2.113575269,70.30320341,156.7973417,31,8.642318514,12.90544078,0.665164155,0.000264161,4.790560457
384449.9293,212811.4241,9951.337382,133267.6089,1.942956349,62.61458333,188.2471892,28,8.642318514,12.90544078,0.665164155,0.000264161,4.790560457
440097.8776,244374.4667,11443.27389,84348.524,5.43313172,62.39908154,197.9807721,31,8.642318514,12.90544078,0.665164155,0.000264161,4.790560457
459610.2212,227008.8154,10572.37787,32588.27301,12.56460648,68.95763889,135.3763503,30,8.642318514,12.90544078,0.665164155,0.000264161,4.790560457
559901.7172,239711.7445,12685.89455,8915.286658,17.91901882,74.3156362,192.3388217,31,8.642318514,12.90544078,0.665164155,0.000264161,4.790560457
599161.1119,235407.6933,14359.07919,426.7373838,22.21377315,69.30104167,225.3063657,30,8.642318514,12.90544078,0.665164155,0.000264161,4.790560457
659595.3403,231312.8667,16420.61041,3.731761953,26.66420251,66.30790771,284.5905765,31,8.642318514,12.90544078,0.665164155,0.000264161,4.790560457
648911.8133,244374.4667,15253.10868,671.7978287,23.04596774,77.16319444,219.8065636,31,8.642318514,12.90544078,0.665164155,0.000264161,4.790560457
586588.1061,227008.8154,12744.9984,4235.028286,20.35770833,84.16527778,153.3049769,30,8.642318514,12.90544078,0.665164155,0.000264161,4.790560457
488546.9197,235049.0223,11620.37972,30273.28296,12.89782706,75.73711918,157.4538157,31,8.642318514,12.90544078,0.665164155,0.000264161,4.790560457
437667.6176,226082.2488,10457.97673,51014.22894,9.760949074,74.10636574,128.5277006,30,8.642318514,12.90544078,0.665164155,0.000264161,4.790560457
425286.059,231312.8667,10783.42433,94488.58514,5.489852151,75.55857975,140.3433766,31,8.642318514,12.90544078,0.665164155,0.000264161,4.790560457
374716.9011,159327.4589,13361.23682,316211.5778,-2.113575269,70.30320341,156.7973417,31,11.48093354,8.924971163,0.651049789,0.000293625,4.892593197
350011.4458,147173.2625,10076.52531,160496.8449,1.942956349,62.61458333,188.2471892,28,11.48093354,8.924971163,0.651049789,0.000293625,4.892593197
401430.3722,169001.207,11349.71694,103152.5157,5.43313172,62.39908154,197.9807721,31,11.48093354,8.924971163,0.651049789,0.000293625,4.892593197
420086.7032,156991.7035,10307.93711,41764.84638,12.56460648,68.95763889,135.3763503,30,11.48093354,8.924971163,0.651049789,0.000293625,4.892593197
513860.528,165776.6243,12024.40516,12188.67412,17.91901882,74.3156362,192.3388217,31,11.48093354,8.924971163,0.651049789,0.000293625,4.892593197
551089.9631,162800.0864,13427.55378,766.9011025,22.21377315,69.30104167,225.3063657,30,11.48093354,8.924971163,0.651049789,0.000293625,4.892593197
604313.8873,159968.2414,15451.24479,10.31982561,26.66420251,66.30790771,284.5905765,31,11.48093354,8.924971163,0.651049789,0.000293625,4.892593197
596162.6625,169001.207,14244.20408,1068.367746,23.04596774,77.16319444,219.8065636,31,11.48093354,8.924971163,0.651049789,0.000293625,4.892593197
539461.892,156991.7035,11994.65622,6049.669408,20.35770833,84.16527778,153.3049769,30,11.48093354,8.924971163,0.651049789,0.000293625,4.892593197
446954.6295,162552.0416,11180.7296,37922.20088,12.89782706,75.73711918,157.4538157,31,11.48093354,8.924971163,0.651049789,0.000293625,4.892593197
399352.9842,156350.921,10327.06852,63598.86729,9.760949074,74.10636574,128.5277006,30,11.48093354,8.924971163,0.651049789,0.000293625,4.892593197
387035.4862,159968.2414,10708.33539,113776.0065,5.489852151,75.55857975,140.3433766,31,11.48093354,8.924971163,0.651049789,0.000293625,4.892593197
406807.7665,178812.1286,16088.61288,283468.3479,-2.113575269,70.30320341,156.7973417,31,12.33416652,10.01643472,0.552542541,0.000284684,5.130415646
379869.9857,165171.5562,12322.13799,140656.2385,1.942956349,62.61458333,188.2471892,28,12.33416652,10.01643472,0.552542541,0.000284684,5.130415646
436192.359,189668.9106,14043.77283,90759.04192,5.43313172,62.39908154,197.9807721,31,12.33416652,10.01643472,0.552542541,0.000284684,5.130415646
453118.8121,176190.726,12819.46236,37094.99416,12.56460648,68.95763889,135.3763503,30,12.33416652,10.01643472,0.552542541,0.000284684,5.130415646
550596.1135,186049.9833,15134.66524,10615.77946,17.91901882,74.3156362,192.3388217,31,12.33416652,10.01643472,0.552542541,0.000284684,5.130415646
587915.4759,182709.4349,16930.51307,627.6467599,22.21377315,69.30104167,225.3063657,30,12.33416652,10.01643472,0.552542541,0.000284684,5.130415646
641203.2204,179531.2744,19331.17341,9.567701938,26.66420251,66.30790771,284.5905765,31,12.33416652,10.01643472,0.552542541,0.000284684,5.130415646
635506.149,189668.9106,17971.34071,910.7171283,23.04596774,77.16319444,219.8065636,31,12.33416652,10.01643472,0.552542541,0.000284684,5.130415646
575153.3774,176190.726,15125.06773,5289.628085,20.35770833,84.16527778,153.3049769,30,12.33416652,10.01643472,0.552542541,0.000284684,5.130415646
481790.8365,182431.0559,13958.43335,33837.54728,12.89782706,75.73711918,157.4538157,31,12.33416652,10.01643472,0.552542541,0.000284684,5.130415646
432072.9966,175471.5802,12775.47237,57012.38584,9.760949074,74.10636574,128.5277006,30,12.33416652,10.01643472,0.552542541,0.000284684,5.130415646
419613.4289,179531.2744,13238.35122,101584.8713,5.489852151,75.55857975,140.3433766,31,12.33416652,10.01643472,0.552542541,0.000284684,5.130415646
360627.5589,174485.7669,15639.47478,325384.4141,-2.113575269,70.30320341,156.7973417,31,8.774264963,9.774086957,0.529298843,0.000286333,5.269432514
335659.6038,161175.2284,11777.92199,166970.156,1.942956349,62.61458333,188.2471892,28,8.774264963,9.774086957,0.529298843,0.000286333,5.269432514
383928.21,185079.869,13295.49387,107699.3295,5.43313172,62.39908154,197.9807721,31,8.774264963,9.774086957,0.529298843,0.000286333,5.269432514
401130.439,171927.7893,12061.87183,42139.49241,12.56460648,68.95763889,135.3763503,30,8.774264963,9.774086957,0.529298843,0.000286333,5.269432514
488736.5155,181548.5016,14132.40421,12043.95374,17.91901882,74.3156362,192.3388217,31,8.774264963,9.774086957,0.529298843,0.000286333,5.269432514
522543.0357,178288.7779,15871.38947,704.2712376,22.21377315,69.30104167,225.3063657,30,8.774264963,9.774086957,0.529298843,0.000286333,5.269432514
573950.1809,175187.513,18429.53002,7.757025613,26.66420251,66.30790771,284.5905765,31,8.774264963,9.774086957,0.529298843,0.000286333,5.269432514
564421.4264,185079.869,16847.80683,998.323428,23.04596774,77.16319444,219.8065636,31,8.774264963,9.774086957,0.529298843,0.000286333,5.269432514
511919.2047,171927.7893,14123.2477,5910.45877,20.35770833,84.16527778,153.3049769,30,8.774264963,9.774086957,0.529298843,0.000286333,5.269432514
427589.3281,178017.1343,13109.20408,38163.09684,12.89782706,75.73711918,157.4538157,31,8.774264963,9.774086957,0.529298843,0.000286333,5.269432514
383112.9045,171226.0432,12113.49762,64336.79398,9.760949074,74.10636574,128.5277006,30,8.774264963,9.774086957,0.529298843,0.000286333,5.269432514
371616.0271,175187.513,12541.73669,117000.6788,5.489852151,75.55857975,140.3433766,31,8.774264963,9.774086957,0.529298843,0.000286333,5.269432514
379324.9739,180064.7129,12407.99388,306081.662,-2.113575269,70.30320341,156.7973417,31,10.18046988,10.08660015,0.687380138,0.000278262,4.454203613
354414.5337,166328.5879,9438.556045,154488.8307,1.942956349,62.61458333,188.2471892,28,10.18046988,10.08660015,0.687380138,0.000278262,4.454203613
405909.0604,190997.5471,10715.04355,99051.17317,5.43313172,62.39908154,197.9807721,31,10.18046988,10.08660015,0.687380138,0.000278262,4.454203613
427779.0421,177424.9474,9752.536731,39227.63487,12.56460648,68.95763889,135.3763503,30,10.18046988,10.08660015,0.687380138,0.000278262,4.454203613
526394.3405,187353.269,11479.78983,11137.11494,17.91901882,74.3156362,192.3388217,31,10.18046988,10.08660015,0.687380138,0.000278262,4.454203613
567321.9533,183989.32,12889.43118,643.6029814,22.21377315,69.30104167,225.3063657,30,10.18046988,10.08660015,0.687380138,0.000278262,4.454203613
627289.3934,180788.8964,14833.16378,8.700759295,26.66420251,66.30790771,284.5905765,31,10.18046988,10.08660015,0.687380138,0.000278262,4.454203613
614517.5884,190997.5471,13680.93725,925.2713496,23.04596774,77.16319444,219.8065636,31,10.18046988,10.08660015,0.687380138,0.000278262,4.454203613
555840.6321,177424.9474,11482.78497,5512.214375,20.35770833,84.16527778,153.3049769,30,10.18046988,10.08660015,0.687380138,0.000278262,4.454203613
454964.7181,183708.991,10615.7135,35713.0218,12.89782706,75.73711918,157.4538157,31,10.18046988,10.08660015,0.687380138,0.000278262,4.454203613
405495.2438,176700.7639,9760.898667,60214.82324,9.760949074,74.10636574,128.5277006,30,10.18046988,10.08660015,0.687380138,0.000278262,4.454203613
392295.6152,180788.8964,10114.24929,109287.7493,5.489852151,75.55857975,140.3433766,31,10.18046988,10.08660015,0.687380138,0.000278262,4.454203613
378897.0075,169456.2584,16791.01684,304780.1803,-2.113575269,70.30320341,156.7973417,31,10.67803811,9.492351352,0.507001014,0.000267215,5.054381991
353341.9757,156529.3928,12767.00173,154265.6489,1.942956349,62.61458333,188.2471892,28,10.67803811,9.492351352,0.507001014,0.000267215,5.054381991
405036.5681,179744.9882,14491.79171,99548.37585,5.43313172,62.39908154,197.9807721,31,10.67803811,9.492351352,0.507001014,0.000267215,5.054381991
423257.0605,166972.0139,13163.25323,40047.52376,12.56460648,68.95763889,135.3763503,30,10.67803811,9.492351352,0.507001014,0.000267215,5.054381991
517033.8815,176315.4116,15444.22224,11512.60941,17.91901882,74.3156362,192.3388217,31,10.67803811,9.492351352,0.507001014,0.000267215,5.054381991
553552.0345,173149.6486,17288.95065,685.8577551,22.21377315,69.30104167,225.3063657,30,10.67803811,9.492351352,0.507001014,0.000267215,5.054381991
606617.4528,170137.7769,19904.22677,9.070527214,26.66420251,66.30790771,284.5905765,31,10.67803811,9.492351352,0.507001014,0.000267215,5.054381991
598257.5514,179744.9882,18341.39842,982.2642709,23.04596774,77.16319444,219.8065636,31,10.67803811,9.492351352,0.507001014,0.000267215,5.054381991
541629.4079,166972.0139,15421.01692,5715.881148,20.35770833,84.16527778,153.3049769,30,10.67803811,9.492351352,0.507001014,0.000267215,5.054381991
450840.0584,172885.835,14310.34963,36339.10285,12.89782706,75.73711918,157.4538157,31,10.67803811,9.492351352,0.507001014,0.000267215,5.054381991
403301.7219,166290.4954,13189.46,61258.09484,9.760949074,74.10636574,128.5277006,30,10.67803811,9.492351352,0.507001014,0.000267215,5.054381991
390923.6608,170137.7769,13682.23102,110053.7317,5.489852151,75.55857975,140.3433766,31,10.67803811,9.492351352,0.507001014,0.000267215,5.054381991
397197.7656,198648.4031,14695.36346,304287.3646,-2.113575269,70.30320341,156.7973417,31,9.924114369,11.12759396,0.600594954,0.000343838,4.639686036
370403.1173,183494.6328,11059.01303,151603.2796,1.942956349,62.61458333,188.2471892,28,9.924114369,11.12759396,0.600594954,0.000343838,4.639686036
424293.1926,210709.5671,12500.67427,96487.02167,5.43313172,62.39908154,197.9807721,31,9.924114369,11.12759396,0.600594954,0.000343838,4.639686036
444957.4356,195736.1989,11418.05213,38156.1871,12.56460648,68.95763889,135.3763503,30,9.924114369,11.12759396,0.600594954,0.000343838,4.639686036
544713.8578,206689.1791,13539.36199,10775.39429,17.91901882,74.3156362,192.3388217,31,9.924114369,11.12759396,0.600594954,0.000343838,4.639686036
585014.3924,202978.0517,15244.94126,599.192307,22.21377315,69.30104167,225.3063657,30,9.924114369,11.12759396,0.600594954,0.000343838,4.639686036
645135.4279,199447.3263,17552.85367,7.301243452,26.66420251,66.30790771,284.5905765,31,9.924114369,11.12759396,0.600594954,0.000343838,4.639686036
633998.1381,210709.5671,16213.75349,873.7953496,23.04596774,77.16319444,219.8065636,31,9.924114369,11.12759396,0.600594954,0.000343838,4.639686036
573073.028,195736.1989,13571.63954,5238.97889,20.35770833,84.16527778,153.3049769,30,9.924114369,11.12759396,0.600594954,0.000343838,4.639686036
472908.829,202668.7911,12452.4274,34903.79392,12.89782706,75.73711918,157.4538157,31,9.924114369,11.12759396,0.600594954,0.000343838,4.639686036
422795.4144,194937.2757,11382.2011,58857.94513,9.760949074,74.10636574,128.5277006,30,9.924114369,11.12759396,0.600594954,0.000343838,4.639686036
409839.9682,199447.3263,11784.86255,106761.7921,5.489852151,75.55857975,140.3433766,31,9.924114369,11.12759396,0.600594954,0.000343838,4.639686036
363988.2964,165483.3021,17117.1552,321063.9813,-2.113575269,70.30320341,156.7973417,31,9.708931055,9.269800131,0.488136497,0.000277104,5.366624802
338884.0112,152859.511,12923.96157,164514.3806,1.942956349,62.61458333,188.2471892,28,9.708931055,9.269800131,0.488136497,0.000277104,5.366624802
387974.2706,175530.8093,14589.33633,106289.6372,5.43313172,62.39908154,197.9807721,31,9.708931055,9.269800131,0.488136497,0.000277104,5.366624802
404686.5997,163057.3015,13230.26846,42310.61947,12.56460648,68.95763889,135.3763503,30,9.708931055,9.269800131,0.488136497,0.000277104,5.366624802
492936.6819,172181.6402,15457.61405,12231.50103,17.91901882,74.3156362,192.3388217,31,9.708931055,9.269800131,0.488136497,0.000277104,5.366624802
526413.8686,169090.0996,17300.48754,732.7622651,22.21377315,69.30104167,225.3063657,30,9.708931055,9.269800131,0.488136497,0.000277104,5.366624802
576647.3049,166148.8421,20029.79935,9.142773123,26.66420251,66.30790771,284.5905765,31,9.708931055,9.269800131,0.488136497,0.000277104,5.366624802
568435.5783,175530.8093,18358.94906,1041.417097,23.04596774,77.16319444,219.8065636,31,9.708931055,9.269800131,0.488136497,0.000277104,5.366624802
515486.9729,163057.3015,15423.01893,6030.096261,20.35770833,84.16527778,153.3049769,30,9.708931055,9.269800131,0.488136497,0.000277104,5.366624802
431487.3622,168832.4712,14365.14891,38291.15241,12.89782706,75.73711918,157.4538157,31,9.708931055,9.269800131,0.488136497,0.000277104,5.366624802
386659.5655,162391.7614,13284.78491,64448.45002,9.760949074,74.10636574,128.5277006,30,9.708931055,9.269800131,0.488136497,0.000277104,5.366624802
374959.2636,166148.8421,13768.48708,116195.7496,5.489852151,75.55857975,140.3433766,31,9.708931055,9.269800131,0.488136497,0.000277104,5.366624802
396061.623,167018.6913,14140.17185,283852.3908,-2.113575269,70.30320341,156.7973417,31,12.59083991,9.355807306,0.614069057,0.000247564,6.238774309
369827.805,154277.7741,10947.67644,142309.1181,1.942956349,62.61458333,188.2471892,28,12.59083991,9.355807306,0.614069057,0.000247564,6.238774309
424821.5439,177159.4214,12513.03438,92059.92785,5.43313172,62.39908154,197.9807721,31,12.59083991,9.355807306,0.614069057,0.000247564,6.238774309
435912.6004,164570.1817,11410.52341,37719.52454,12.56460648,68.95763889,135.3763503,30,12.59083991,9.355807306,0.614069057,0.000247564,6.238774309
522606.8262,173779.1781,13391.98904,10876.54182,17.91901882,74.3156362,192.3388217,31,12.59083991,9.355807306,0.614069057,0.000247564,6.238774309
553363.7786,170658.9534,14970.25806,673.7709786,22.21377315,69.30104167,225.3063657,30,12.59083991,9.355807306,0.614069057,0.000247564,6.238774309
595391.5712,167690.4064,17074.3361,10.18994231,26.66420251,66.30790771,284.5905765,31,12.59083991,9.355807306,0.614069057,0.000247564,6.238774309
594894.8662,177159.4214,15868.19407,947.8365177,23.04596774,77.16319444,219.8065636,31,12.59083991,9.355807306,0.614069057,0.000247564,6.238774309
539901.5517,164570.1817,13376.60427,5470.566018,20.35770833,84.16527778,153.3049769,30,12.59083991,9.355807306,0.614069057,0.000247564,6.238774309
463359.2776,170398.9347,12402.59394,34357.24838,12.89782706,75.73711918,157.4538157,31,12.59083991,9.355807306,0.614069057,0.000247564,6.238774309
418450.872,163898.4667,11395.39236,57900.90768,9.760949074,74.10636574,128.5277006,30,12.59083991,9.355807306,0.614069057,0.000247564,6.238774309
408017.1564,167690.4064,11799.75847,103000.3919,5.489852151,75.55857975,140.3433766,31,12.59083991,9.355807306,0.614069057,0.000247564,6.238774309
454489.609,221836.7063,14961.31499,227479.7336,-2.113575269,70.30320341,156.7973417,31,12.83936079,12.42652221,0.589547302,0.000261467,5.555858236
425140.1206,204914.0308,12254.65343,114096.9815,1.942956349,62.61458333,188.2471892,28,12.83936079,12.42652221,0.589547302,0.000261467,5.555858236
488849.296,235305.7746,14155.19258,73817.28143,5.43313172,62.39908154,197.9807721,31,12.83936079,12.42652221,0.589547302,0.000261467,5.555858236
502744.7092,218584.5595,13159.09019,30311.00062,12.56460648,68.95763889,135.3763503,30,12.83936079,12.42652221,0.589547302,0.000261467,5.555858236
604162.5305,230816.0852,15738.14881,8432.719263,17.91901882,74.3156362,192.3388217,31,12.83936079,12.42652221,0.589547302,0.000261467,5.555858236
641863.3238,226671.7565,17634.4629,452.7515886,22.21377315,69.30104167,225.3063657,30,12.83936079,12.42652221,0.589547302,0.000261467,5.555858236
693405.4304,222728.8882,19868.76493,7.598002158,26.66420251,66.30790771,284.5905765,31,12.83936079,12.42652221,0.589547302,0.000261467,5.555858236
692676.431,235305.7746,18701.964,682.821963,23.04596774,77.16319444,219.8065636,31,12.83936079,12.42652221,0.589547302,0.000261467,5.555858236
626141.4064,218584.5595,15757.30175,4055.007494,20.35770833,84.16527778,153.3049769,30,12.83936079,12.42652221,0.589547302,0.000261467,5.555858236
533695.0788,226326.3958,14418.67444,28019.31673,12.89782706,75.73711918,157.4538157,31,12.83936079,12.42652221,0.589547302,0.000261467,5.555858236
481232.4538,217692.3776,12945.32159,47131.09441,9.760949074,74.10636574,128.5277006,30,12.83936079,12.42652221,0.589547302,0.000261467,5.555858236
468925.7431,222728.8882,13331.11709,84637.39087,5.489852151,75.55857975,140.3433766,31,12.83936079,12.42652221,0.589547302,0.000261467,5.555858236
440708.8221,223624.4025,12770.74564,267585.0704,-2.113575269,70.30320341,156.7973417,31,11.68566341,12.52666274,0.725767526,0.000360839,5.591847414
411397.6834,206565.3536,9811.557174,130076.6501,1.942956349,62.61458333,188.2471892,28,11.68566341,12.52666274,0.725767526,0.000360839,5.591847414
472084.4928,237202.0128,11182.52113,82839.82367,5.43313172,62.39908154,197.9807721,31,11.68566341,12.52666274,0.725767526,0.000360839,5.591847414
485630.2614,220346.0478,10354.69149,33384.08692,12.56460648,68.95763889,135.3763503,30,11.68566341,12.52666274,0.725767526,0.000360839,5.591847414
582929.2915,232676.1427,12375.09742,9272.69664,17.91901882,74.3156362,192.3388217,31,11.68566341,12.52666274,0.725767526,0.000360839,5.591847414
619110.9407,228498.4164,13939.79584,516.0653746,22.21377315,69.30104167,225.3063657,30,11.68566341,12.52666274,0.725767526,0.000360839,5.591847414
671185.1312,224523.7741,15826.63326,7.619187834,26.66420251,66.30790771,284.5905765,31,11.68566341,12.52666274,0.725767526,0.000360839,5.591847414
667385.6484,237202.0128,14806.48395,740.1949472,23.04596774,77.16319444,219.8065636,31,11.68566341,12.52666274,0.725767526,0.000360839,5.591847414
604509.8253,220346.0478,12421.71895,4448.522729,20.35770833,84.16527778,153.3049769,30,11.68566341,12.52666274,0.725767526,0.000360839,5.591847414
514771.9222,228150.2726,11319.77449,30695.65155,12.89782706,75.73711918,157.4538157,31,11.68566341,12.52666274,0.725767526,0.000360839,5.591847414
464840.1945,219446.6762,10209.60811,51779.92976,9.760949074,74.10636574,128.5277006,30,11.68566341,12.52666274,0.725767526,0.000360839,5.591847414
453619.1591,224523.7741,10533.50443,93523.5613,5.489852151,75.55857975,140.3433766,31,11.68566341,12.52666274,0.725767526,0.000360839,5.591847414
443779.2433,215410.1043,16214.60889,252722.2634,-2.113575269,70.30320341,156.7973417,31,12.36058478,12.06652628,0.558856895,0.000315523,5.825436946
414288.2792,198977.6781,12712.70189,124110.148,1.942956349,62.61458333,188.2471892,28,12.36058478,12.06652628,0.558856895,0.000315523,5.825436946
475901.0237,228488.9742,14602.80898,80141.06322,5.43313172,62.39908154,197.9807721,31,12.36058478,12.06652628,0.558856895,0.000315523,5.825436946
488694.5861,212252.1721,13511.01808,32729.78453,12.56460648,68.95763889,135.3763503,30,12.36058478,12.06652628,0.558856895,0.000315523,5.825436946
586128.7626,224129.3509,16126.12557,9127.719827,17.91901882,74.3156362,192.3388217,31,12.36058478,12.06652628,0.558856895,0.000315523,5.825436946
621470.4407,220105.0832,18125.12602,515.3601685,22.21377315,69.30104167,225.3063657,30,12.36058478,12.06652628,0.558856895,0.000315523,5.825436946
671019.4134,216276.4397,20520.73907,7.655909556,26.66420251,66.30790771,284.5905765,31,12.36058478,12.06652628,0.558856895,0.000315523,5.825436946
669479.4082,228488.9742,19234.18461,744.625826,23.04596774,77.16319444,219.8065636,31,12.36058478,12.06652628,0.558856895,0.000315523,5.825436946
606822.1509,212252.1721,16167.70075,4437.56844,20.35770833,84.16527778,153.3049769,30,12.36058478,12.06652628,0.558856895,0.000315523,5.825436946
519002.908,219769.7276,14787.76605,30154.89463,12.89782706,75.73711918,157.4538157,31,12.36058478,12.06652628,0.558856895,0.000315523,5.825436946
468471.0345,211385.8367,13327.24139,50748.67777,9.760949074,74.10636574,128.5277006,30,12.36058478,12.06652628,0.558856895,0.000315523,5.825436946
456902.6316,216276.4397,13752.44644,90877.1681,5.489852151,75.55857975,140.3433766,31,12.36058478,12.06652628,0.558856895,0.000315523,5.825436946
422857.3568,208610.0391,16748.13765,267530.5757,-2.113575269,70.30320341,156.7973417,31,11.10070767,11.68561023,0.524064168,0.000298239,4.595251355
394984.3455,192696.3516,13053.42988,132382.7768,1.942956349,62.61458333,188.2471892,28,11.10070767,11.68561023,0.524064168,0.000298239,4.595251355
453151.7097,221276.0352,14956.93499,85018.85173,5.43313172,62.39908154,197.9807721,31,11.10070767,11.68561023,0.524064168,0.000298239,4.595251355
474152.6893,205551.7964,13761.21623,34153.76786,12.56460648,68.95763889,135.3763503,30,11.10070767,11.68561023,0.524064168,0.000298239,4.595251355
580183.3186,217054.0365,16407.85632,9562.130927,17.91901882,74.3156362,192.3388217,31,11.10070767,11.68561023,0.524064168,0.000298239,4.595251355
622531.8729,213156.8069,18468.57235,523.4185067,22.21377315,69.30104167,225.3063657,30,11.10070767,11.68561023,0.524064168,0.000298239,4.595251355
683737.4232,209449.026,21049.87688,7.129042748,26.66420251,66.30790771,284.5905765,31,11.10070767,11.68561023,0.524064168,0.000298239,4.595251355
675143.5582,221276.0352,19629.40831,777.2023997,23.04596774,77.16319444,219.8065636,31,11.10070767,11.68561023,0.524064168,0.000298239,4.595251355
610229.8042,205551.7964,16447.73238,4647.931776,20.35770833,84.16527778,153.3049769,30,11.10070767,11.68561023,0.524064168,0.000298239,4.595251355
504044.2746,212832.0378,15053.23138,31395.65206,12.89782706,75.73711918,157.4538157,31,11.10070767,11.68561023,0.524064168,0.000298239,4.595251355
450506.7423,204712.8095,13633.42306,52974.91103,9.760949074,74.10636574,128.5277006,30,11.10070767,11.68561023,0.524064168,0.000298239,4.595251355
436753.7188,209449.026,14099.39421,95603.35488,5.489852151,75.55857975,140.3433766,31,11.10070767,11.68561023,0.524064168,0.000298239,4.595251355
427009.7388,210934.3944,15242.01248,262266.0075,-2.113575269,70.30320341,156.7973417,31,11.38757006,11.81581254,0.577592452,0.000294462,4.69826977
398983.2436,194843.395,11944.53563,129707.496,1.942956349,62.61458333,188.2471892,28,11.38757006,11.81581254,0.577592452,0.000294462,4.69826977
457894.2745,223741.5165,13711.35611,83291.13632,5.43313172,62.39908154,197.9807721,31,11.38757006,11.81581254,0.577592452,0.000294462,4.69826977
477787.2434,207842.0765,12640.80196,33524.3286,12.56460648,68.95763889,135.3763503,30,11.38757006,11.81581254,0.577592452,0.000294462,4.69826977
583123.386,219472.4758,15079.5709,9352.20978,17.91901882,74.3156362,192.3388217,31,11.38757006,11.81581254,0.577592452,0.000294462,4.69826977
624841.9433,215531.8228,16965.7625,521.8945924,22.21377315,69.30104167,225.3063657,30,11.38757006,11.81581254,0.577592452,0.000294462,4.69826977
684663.7756,211782.7294,19298.93294,6.789929788,26.66420251,66.30790771,284.5905765,31,11.38757006,11.81581254,0.577592452,0.000294462,4.69826977
677022.2823,223741.5165,18024.03891,758.7615945,23.04596774,77.16319444,219.8065636,31,11.38757006,11.81581254,0.577592452,0.000294462,4.69826977
611918.858,207842.0765,15118.00166,4557.537392,20.35770833,84.16527778,153.3049769,30,11.38757006,11.81581254,0.577592452,0.000294462,4.69826977
507892.4603,215203.4351,13842.75942,30926.75647,12.89782706,75.73711918,157.4538157,31,11.38757006,11.81581254,0.577592452,0.000294462,4.69826977
454410.3089,206993.7415,12503.34347,52007.51136,9.760949074,74.10636574,128.5277006,30,11.38757006,11.81581254,0.577592452,0.000294462,4.69826977
441024.052,211782.7294,12925.18366,93936.05651,5.489852151,75.55857975,140.3433766,31,11.38757006,11.81581254,0.577592452,0.000294462,4.69826977
425417.5534,201653.5965,14377.4701,255732.7608,-2.113575269,70.30320341,156.7973417,31,12.1222947,11.29593446,0.608991468,0.000255419,6.427139315
397123.4156,186270.5769,11362.55599,126730.9336,1.942956349,62.61458333,188.2471892,28,12.1222947,11.29593446,0.608991468,0.000255419,6.427139315
456151.5155,213897.2243,13079.2418,81750.3687,5.43313172,62.39908154,197.9807721,31,12.1222947,11.29593446,0.608991468,0.000255419,6.427139315
466071.7775,198697.3359,12047.18042,33149.7341,12.56460648,68.95763889,135.3763503,30,12.1222947,11.29593446,0.608991468,0.000255419,6.427139315
555871.9127,209816.015,14340.8459,9296.86894,17.91901882,74.3156362,192.3388217,31,12.1222947,11.29593446,0.608991468,0.000255419,6.427139315
587029.9097,206048.7449,16090.72698,511.4535822,22.21377315,69.30104167,225.3063657,30,12.1222947,11.29593446,0.608991468,0.000255419,6.427139315
630602.1749,202464.606,18253.48362,7.436963895,26.66420251,66.30790771,284.5905765,31,12.1222947,11.29593446,0.608991468,0.000255419,6.427139315
631259.7202,213897.2243,17083.27453,774.9119522,23.04596774,77.16319444,219.8065636,31,12.1222947,11.29593446,0.608991468,0.000255419,6.427139315
572898.8104,198697.3359,14356.94728,4591.609367,20.35770833,84.16527778,153.3049769,30,12.1222947,11.29593446,0.608991468,0.000255419,6.427139315
495267.8447,205734.8057,13187.02157,30585.89746,12.89782706,75.73711918,157.4538157,31,12.1222947,11.29593446,0.608991468,0.000255419,6.427139315
448349.8987,197886.3264,11944.70625,51502.38362,9.760949074,74.10636574,128.5277006,30,12.1222947,11.29593446,0.608991468,0.000255419,6.427139315
437910.8863,202464.606,12317.69095,92408.54399,5.489852151,75.55857975,140.3433766,31,12.1222947,11.29593446,0.608991468,0.000255419,6.427139315
363128.309,158067.6694,16076.92562,334566.3605,-2.113575269,70.30320341,156.7973417,31,10.35875821,8.85440213,0.534042879,0.000329263,5.198213659
338607.1801,146009.5753,12247.99594,175335.9197,1.942956349,62.61458333,188.2471892,28,10.35875821,8.85440213,0.534042879,0.000329263,5.198213659
387473.9724,167664.928,13395.83323,110577.6756,5.43313172,62.39908154,197.9807721,31,10.35875821,8.85440213,0.534042879,0.000329263,5.198213659
404850.3413,155750.3826,12161.01877,44527.43721,12.56460648,68.95763889,135.3763503,30,10.35875821,8.85440213,0.534042879,0.000329263,5.198213659
494014.1866,164465.8418,14129.53559,13044.60681,17.91901882,74.3156362,192.3388217,31,10.35875821,8.85440213,0.534042879,0.000329263,5.198213659
528871.7902,161512.8392,15789.24023,828.4024219,22.21377315,69.30104167,225.3063657,30,10.35875821,8.85440213,0.534042879,0.000329263,5.198213659
580110.8904,158703.3853,18297.38171,10.18136029,26.66420251,66.30790771,284.5905765,31,10.35875821,8.85440213,0.534042879,0.000329263,5.198213659
571245.5974,167664.928,16755.78529,1132.221829,23.04596774,77.16319444,219.8065636,31,10.35875821,8.85440213,0.534042879,0.000329263,5.198213659
517558.6944,155750.3826,14090.59948,6386.167698,20.35770833,84.16527778,153.3049769,30,10.35875821,8.85440213,0.534042879,0.000329263,5.198213659
431259.5222,161266.7556,13150.89915,40157.42786,12.89782706,75.73711918,157.4538157,31,10.35875821,8.85440213,0.534042879,0.000329263,5.198213659
385898.1025,155114.6668,12187.35961,67325.52987,9.760949074,74.10636574,128.5277006,30,10.35875821,8.85440213,0.534042879,0.000329263,5.198213659
374155.1462,158703.3853,12675.49448,121080.4637,5.489852151,75.55857975,140.3433766,31,10.35875821,8.85440213,0.534042879,0.000329263,5.198213659
415738.8016,225420.2657,15311.70589,282705.6814,-2.113575269,70.30320341,156.7973417,31,9.168577025,12.62726077,0.571965435,0.000337569,6.370127604
386829.2129,208224.2205,11763.89391,139870.5743,1.942956349,62.61458333,188.2471892,28,9.168577025,12.62726077,0.571965435,0.000337569,6.370127604
443050.1806,239106.9139,13388.23203,88661.45533,5.43313172,62.39908154,197.9807721,31,9.168577025,12.62726077,0.571965435,0.000337569,6.370127604
454148.5638,222115.5835,12324.44971,34736.20401,12.56460648,68.95763889,135.3763503,30,9.168577025,12.62726077,0.571965435,0.000337569,6.370127604
542480.2345,234544.6978,14751.21323,9570.729487,17.91901882,74.3156362,192.3388217,31,9.168577025,12.62726077,0.571965435,0.000337569,6.370127604
572796.5856,230333.4214,16688.54243,510.6999994,22.21377315,69.30104167,225.3063657,30,9.168577025,12.62726077,0.571965435,0.000337569,6.370127604
619805.9633,226326.8599,19136.4327,5.25451441,26.66420251,66.30790771,284.5905765,31,9.168577025,12.62726077,0.571965435,0.000337569,6.370127604
616261.2258,239106.9139,17744.85985,742.8841878,23.04596774,77.16319444,219.8065636,31,9.168577025,12.62726077,0.571965435,0.000337569,6.370127604
559988.0957,222115.5835,14823.06532,4574.092664,20.35770833,84.16527778,153.3049769,30,9.168577025,12.62726077,0.571965435,0.000337569,6.370127604
482748.6681,229982.4817,13500.5924,31923.72457,12.89782706,75.73711918,157.4538157,31,9.168577025,12.62726077,0.571965435,0.000337569,6.370127604
436854.9243,221208.9893,12205.94437,54022.72686,9.760949074,74.10636574,128.5277006,30,9.168577025,12.62726077,0.571965435,0.000337569,6.370127604
427085.4565,226326.8599,12626.60303,98998.60194,5.489852151,75.55857975,140.3433766,31,9.168577025,12.62726077,0.571965435,0.000337569,6.370127604
395190.7344,183335.4732,12387.54395,299072.1674,-2.113575269,70.30320341,156.7973417,31,11.26436661,10.26981679,0.713689221,0.000307892,6.468236081
368521.3277,169349.8404,9374.907545,148767.9029,1.942956349,62.61458333,188.2471892,28,11.26436661,10.26981679,0.713689221,0.000307892,6.468236081
422588.7762,194466.8953,10648.44139,95345.21429,5.43313172,62.39908154,197.9807721,31,11.26436661,10.26981679,0.713689221,0.000307892,6.468236081
432934.4998,180647.7581,9710.504876,38229.53791,12.56460648,68.95763889,135.3763503,30,11.26436661,10.26981679,0.713689221,0.000307892,6.468236081
517404.9366,190756.4213,11468.59207,10903.20078,17.91901882,74.3156362,192.3388217,31,11.26436661,10.26981679,0.713689221,0.000307892,6.468236081
546592.9447,187331.3684,12853.88297,635.0287872,22.21377315,69.30104167,225.3063657,30,11.26436661,10.26981679,0.713689221,0.000307892,6.468236081
588686.8605,184072.811,14743.51174,9.003356338,26.66420251,66.30790771,284.5905765,31,11.26436661,10.26981679,0.713689221,0.000307892,6.468236081
587357.6723,194466.8953,13654.09868,917.3322688,23.04596774,77.16319444,219.8065636,31,11.26436661,10.26981679,0.713689221,0.000307892,6.468236081
533367.3354,180647.7581,11469.91237,5383.710397,20.35770833,84.16527778,153.3049769,30,11.26436661,10.26981679,0.713689221,0.000307892,6.468236081
460071.7373,187045.9473,10578.57287,34945.81181,12.89782706,75.73711918,157.4538157,31,11.26436661,10.26981679,0.713689221,0.000307892,6.468236081
416198.0166,179910.4203,9694.292137,58822.36713,9.760949074,74.10636574,128.5277006,30,11.26436661,10.26981679,0.713689221,0.000307892,6.468236081
406479.8553,184072.811,10042.25595,105962.0333,5.489852151,75.55857975,140.3433766,31,11.26436661,10.26981679,0.713689221,0.000307892,6.468236081
420120.9708,195689.8896,18418.88543,287999.7354,-2.113575269,70.30320341,156.7973417,31,11.82815653,10.96186831,0.498038163,0.000357069,5.658919354
391413.4179,180761.8078,13889.02789,141520.3989,1.942956349,62.61458333,188.2471892,28,11.82815653,10.96186831,0.498038163,0.000357069,5.658919354
448982.4914,207571.4242,15718.40412,90667.59414,5.43313172,62.39908154,197.9807721,31,11.82815653,10.96186831,0.498038163,0.000357069,5.658919354
463247.8007,192821.0576,14404.78042,36862.28361,12.56460648,68.95763889,135.3763503,30,11.82815653,10.96186831,0.498038163,0.000357069,5.658919354
558332.0075,203610.9127,17086.11408,10503.51017,17.91901882,74.3156362,192.3388217,31,11.82815653,10.96186831,0.498038163,0.000357069,5.658919354
593154.6746,199955.0559,19198.97865,614.2090048,22.21377315,69.30104167,225.3063657,30,11.82815653,10.96186831,0.498038163,0.000357069,5.658919354
642637.2971,196476.9144,21949.52709,9.268226135,26.66420251,66.30790771,284.5905765,31,11.82815653,10.96186831,0.498038163,0.000357069,5.658919354
639815.5412,207571.4242,20411.38488,871.3988085,23.04596774,77.16319444,219.8065636,31,11.82815653,10.96186831,0.498038163,0.000357069,5.658919354
579563.7149,192821.0576,17123.80397,5146.221671,20.35770833,84.16527778,153.3049769,30,11.82815653,10.96186831,0.498038163,0.000357069,5.658919354
492532.5278,199650.4012,15702.68686,33734.8027,12.89782706,75.73711918,157.4538157,31,11.82815653,10.96186831,0.498038163,0.000357069,5.658919354
443513.619,192034.0329,14313.50695,56837.56098,9.760949074,74.10636574,128.5277006,30,11.82815653,10.96186831,0.498038163,0.000357069,5.658919354
431915.7491,196476.9144,14813.09864,101381.0931,5.489852151,75.55857975,140.3433766,31,11.82815653,10.96186831,0.498038163,0.000357069,5.658919354
